experiment,fold,parameters,support_vectors,tree_nodes,estimated_size_mb,training_seconds
physical_feature_svm,1,,25851.0,,12.929508,25.30616395800007
physical_feature_random_forest,1,,,2729334.0,786.048192,3.663967749999756
preamble_cnn,1,9150.0,,,0.0366,44.190453457999865
preamble_tcn,1,11622.0,,,0.046488,129.1651342920004
preamble_gru_rnn,1,8990.0,,,0.03596,70.02481575000002
physical_feature_svm,2,,25841.0,,12.924508,25.106292500000563
physical_feature_random_forest,2,,,2732370.0,786.92256,3.5798751669999547
preamble_cnn,2,9150.0,,,0.0366,43.359542707999935
preamble_tcn,2,11622.0,,,0.046488,128.6343082909998
preamble_gru_rnn,2,8990.0,,,0.03596,69.9341791249999
physical_feature_svm,3,,25848.0,,12.928008,25.023229583000102
physical_feature_random_forest,3,,,2731854.0,786.773952,3.619492290999915
preamble_cnn,3,9150.0,,,0.0366,43.30027741699996
preamble_tcn,3,11622.0,,,0.046488,128.7024389170001
preamble_gru_rnn,3,8990.0,,,0.03596,70.09793274999993
physical_feature_svm,4,,25857.0,,12.932508,24.957704583000123
physical_feature_random_forest,4,,,2731592.0,786.698496,3.583661208999729
preamble_cnn,4,9150.0,,,0.0366,43.30689862500003
preamble_tcn,4,11622.0,,,0.046488,129.29756833400006
preamble_gru_rnn,4,8990.0,,,0.03596,70.58742324999912
physical_feature_svm,5,,25866.0,,12.937008,25.078460291999363
physical_feature_random_forest,5,,,2730294.0,786.324672,3.7296002080001927
preamble_cnn,5,9150.0,,,0.0366,42.9376186669997
preamble_tcn,5,11622.0,,,0.046488,125.2792872910004
preamble_gru_rnn,5,8990.0,,,0.03596,64.28316554200046
