icao,icaotype,manufacturer,model
06A1BC,B77W,,Boeing 777-381
750594,A339,,A330-941
7C788F,A320,,
7C7891,A320,,
06A19F,B77W,,Boeing 777-3DZ
7C0402,E190,,E190AR
76CC65,B78X,,Boeing 787-10
76CC64,B78X,,Boeing 787-10
76CC75,B78X,,
8966F9,A359,,
750597,A339,,
76CC6F,B78X,,Boeing 787-10
7CF8ED,B350,,
06A062,B77W,,Boeing 777-3DZ
750599,A339,,
06A078,B77W,,Boeing 777-3DZ
7CF9CE,P8,,
89667C,A359,,
750596,A339,,A330-941
89667D,A359,,
76CC72,B78X,,
76CC73,B78X,,
7C0405,E190,,E190AR
7CB05D,DH8D,,Dash 8-400
7CB063,DH8D,,Dash 8-400
782282,B789,,
C842C7,B738,,
06A2B4,B77W,,
76CC63,B78X,,Boeing 787-10
76CC6B,B78X,,Boeing 787-10
89667F,A359,,
8966FB,A359,,
7CB0AB,H60,,
06A2B2,B77W,,
7505BC,A339,,
76CC82,B78X,,
78198D,B789,,
06A2C4,B77W,,
89667B,A359,,
06A2B8,B77W,,
76CC6A,B78X,,Boeing 787-10
7C761D,LNC4,,
06A1BB,B77W,,Boeing 777-3DZ
06A2B3,B77W,,
750579,A339,,
7CAE4D,DA40,,Diamond Star DA40 NG
76CC61,B78X,,Boeing 787-10
76CC70,B78X,,
76CEFA,B77W,,Boeing 777-312
7C040D,B06,,
89667E,A359,,
7CACA9,EC45,,
8966FA,A359,,
7C4709,C182,CESSNA AIRCRAFT COMPANY,182T
7C4880,A21N,AIRBUS,A321-251NX
7C4C65,T210,CESSNA AIRCRAFT COMPANY,T210N
7C5B70,C207,CESSNA AIRCRAFT COMPANY,207
7C6ACA,AS50,AEROSPATIALE,350 BA
7C7AF8,DA40,DIAMOND AIRCRAFT INDUSTRIES INC.,DA 40
7C0A5D,BE20,BEECH AIRCRAFT CORP,B200C
7C3AA6,R44,ROBINSON HELICOPTER CO,R44
7C479F,A21N,AIRBUS,A321-251NX
7C4A53,A21N,AIRBUS,A321-251NX
7C6DB6,B738,THE BOEING COMPANY,737-838
7C7B5E,DA40,DIAMOND AIRCRAFT INDUSTRIES INC.,DA 40
7C7BC6,B738,THE BOEING COMPANY,737-8FE
7C168A,DA40,DIAMOND AIRCRAFT INDUSTRIES INC.,DA 40
7C2BF9,DH8D,BOMBARDIER INC,DHC-8-402
7C4A4D,SW4,FAIRCHILD INDUSTRIES INC,SA227-DC
7C6B28,A320,AIRBUS INDUSTRIE,A320-232
7C764D,A320,AIRBUS INDUSTRIE,A320-232
7C7A3B,B738,THE BOEING COMPANY,737-8FE
7C2901,C72R,CESSNA AIRCRAFT COMPANY,172RG
7C33F2,P28T,PIPER AIRCRAFT CORP,PA-28RT-201
7C42AE,PA46,PIPER AIRCRAFT CORP,PA-46-350P
7C4902,S22T,CIRRUS DESIGN CORPORATION,SR22T
7C4E44,DA40,DIAMOND AIRCRAFT INDUSTRIES INC.,DA 40
7C611F,C208,CESSNA AIRCRAFT COMPANY,208B
7C6C52,B738,THE BOEING COMPANY,737-8FE
7C7F35,C337,CESSNA AIRCRAFT COMPANY,337G
7C0077,DA40,DIAMOND AIRCRAFT INDUSTRIES INC.,DA 40
7C0B96,C208,TEXTRON AVIATION INC.,208B
7C2BC5,B738,THE BOEING COMPANY,737-8SA
7C2E7F,P32R,PIPER AIRCRAFT CORP,PA-32R-300
7C4760,C208,CESSNA AIRCRAFT COMPANY,208B
7C67AE,P28A,PIPER AIRCRAFT CORP,PA-28-181
7C6D99,B738,THE BOEING COMPANY,737-838
7C6F86,C82R,CESSNA AIRCRAFT COMPANY,R182
7C777B,E190,EMBRAER - EMPRESA BRASILEIRA DE AERONAUTICA S.A.,ERJ 190-100 IGW
7C0246,T206,CESSNA AIRCRAFT COMPANY,T206H
7C0C4B,P28R,PIPER AIRCRAFT CORP,PA-28R-200
7C1CA2,PC12,PILATUS AIRCRAFT LTD,PC-12/47E
7C2E09,PC12,PILATUS AIRCRAFT LTD.,PC-12/47E
7C41D4,C172,CESSNA AIRCRAFT COMPANY,R172K
7C44DA,B737,THE BOEING COMPANY,737-7K2
7C4DB7,SIRA,COSTRUZIONI AERONAUTICHE TECNAM S.P.A.,P-MENTOR
7C67D3,C172,CESSNA AIRCRAFT COMPANY,172S
7C6DB2,B738,THE BOEING COMPANY,737-838
7C7A47,B738,THE BOEING COMPANY,737-8FE
7C1C48,PC12,PILATUS AIRCRAFT LTD,PC-12/47E
7C2D99,AC50,AERO COMMANDER,500-S
7C2EA4,C172,CESSNA AIRCRAFT COMPANY,R172K
7C475B,AT8T,AIR TRACTOR INC,AT-802A
7C68A5,E190,EMBRAER - EMPRESA BRASILEIRA DE AERONAUTICA S.A.,ERJ 190-100 IGW
7C6DB7,B738,THE BOEING COMPANY,737-838
7C7AA9,B738,THE BOEING COMPANY,737-8FE
7C7C0A,PA34,PIPER AIRCRAFT CORP,PA-34-220T
7C2647,C172,CESSNA AIRCRAFT COMPANY,R172K
7C2BEE,DH8D,BOMBARDIER INC,DHC-8-402
7C7B5F,DA40,DIAMOND AIRCRAFT INDUSTRIES INC.,DA 40
7C80AE,SF34,SAAB AIRCRAFT AB,SAAB 340B
7C8131,SR20,CIRRUS DESIGN CORPORATION,SR20
7C1B0F,PC24,PILATUS AIRCRAFT LTD.,PC-24
7C582C,DA40,DIAMOND AIRCRAFT INDUSTRIES INC.,DA 40
7C6C55,B738,THE BOEING COMPANY,737-8FE
7C6DB9,B738,THE BOEING COMPANY,737-838
7C7BD9,DA42,DIAMOND AIRCRAFT INDUSTRIES INC.,DA 42
7C41FD,DA40,DIAMOND AIRCRAFT INDUSTRIES INC.,DA 40
7C6D2B,B738,THE BOEING COMPANY,737-8FE
7C6D37,B738,THE BOEING COMPANY,737-8FE
7C7701,A320,AIRBUS INDUSTRIE,A320-232
7C7FE6,SF34,S.A.A.B. AIRCRAFT CO,340B
7C1452,C172,CESSNA AIRCRAFT COMPANY,172S
7C52F9,DH8D,BOMBARDIER INC,DHC-8-402
7C6D32,B738,THE BOEING COMPANY,737-8FE
7C6DDB,B738,THE BOEING COMPANY,737-838
7C6DDD,B738,THE BOEING COMPANY,737-838
7C7AF7,DA40,DIAMOND AIRCRAFT INDUSTRIES INC.,DA 40
7C7B60,DA40,DIAMOND AIRCRAFT INDUSTRIES INC.,DA 40
7C173D,SR22,CIRRUS DESIGN CORPORATION,SR22
7C17B2,SR22,CIRRUS DESIGN CORPORATION,SR22
7C1B2A,DA40,DIAMOND AIRCRAFT INDUSTRIES INC.,DA 40
7C2913,C210,CESSNA AIRCRAFT COMPANY,210N
7C3A00,DH8D,BOMBARDIER INC,DHC-8-402
7C4A43,A21N,AIRBUS,A321-251NX
7C79B4,DA42,DIAMOND AIRCRAFT INDUSTRIES,DA 42
7C7B65,DA40,DIAMOND AIRCRAFT INDUSTRIES INC.,DA 40
7C7C3E,DA40,DIAMOND AIRCRAFT INDUSTRIES INC.,DA 40
7C1BDD,PC12,PILATUS AIRCRAFT LTD,PC-12/47E
7C52FB,DH8D,BOMBARDIER INC,DHC-8-402
7C6C18,C172,CESSNA AIRCRAFT COMPANY,172S
7C75E4,F100,FOKKER AIRCRAFT B.V.,F28 MK 0100
7C7B64,DA40,DIAMOND AIRCRAFT INDUSTRIES INC.,DA 40
7C0074,C172,CESSNA AIRCRAFT COMPANY,172S
7C4209,B737,THE BOEING COMPANY,737-7K2
7C444D,P28A,PIPER AIRCRAFT CORP,PA-28-181
7C4A51,A21N,AIRBUS,A321-251NX
7C7AEF,DA40,DIAMOND AIRCRAFT INDUSTRIES INC.,DA 40
7C7C2E,DA40,DIAMOND AIRCRAFT INDUSTRIES INC.,DA 40
7C1689,DA40,DIAMOND AIRCRAFT INDUSTRIES INC.,DA 40
7C6693,DA40,DIAMOND AIRCRAFT INDUSTRIES INC.,DA 40
7C6D2A,B738,THE BOEING COMPANY,737-8FE
7C7144,C172,CESSNA AIRCRAFT COMPANY,172N
7C7A3F,B738,THE BOEING COMPANY,737-8FE
7C0D65,DA42,DIAMOND AIRCRAFT INDUSTRIES INC.,DA 42
7C6D90,B738,THE BOEING COMPANY,737-838
7C6DB8,B738,THE BOEING COMPANY,737-838
7C776F,E190,EMBRAER - EMPRESA BRASILEIRA DE AERONAUTICA S.A.,ERJ 190-100 IGW
7C7A46,B738,THE BOEING COMPANY,737-8FE
7C7C41,DA40,DIAMOND AIRCRAFT INDUSTRIES INC.,DA 40
7C07C3,SLG4,AMATEUR BUILT AIRCRAFT,SLING 4 HIGH WING
7C259E,P28A,PIPER AIRCRAFT CORP,PA-28-180
7C29D4,B738,THE BOEING COMPANY,737-8SA
7C4A46,SW4,FAIRCHILD INDUSTRIES INC,SA227-DC
7C4CD2,PA34,PIPER AIRCRAFT CORP,PA-34-220T
7C6D4E,C340,CESSNA AIRCRAFT COMPANY,340A
7C6D8C,B738,THE BOEING COMPANY,737-838
7C6D9B,B738,THE BOEING COMPANY,737-838
7C7770,E190,EMBRAER - EMPRESA BRASILEIRA DE AERONAUTICA S.A.,ERJ 190-100 IGW
7C7778,E190,EMBRAER - EMPRESA BRASILEIRA DE AERONAUTICA S.A.,ERJ 190-100 IGW
7C7B56,DA40,DIAMOND AIRCRAFT INDUSTRIES INC.,DA 40
7C7C39,DA40,DIAMOND AIRCRAFT INDUSTRIES INC.,DA 40
7C7F26,RV10,AMATEUR BUILT AIRCRAFT,VAN'S RV-10
7C38F8,C182,CESSNA AIRCRAFT COMPANY,182T
7C487C,A21N,AIRBUS,A321-251NX
7C4A05,BE20,BEECH AIRCRAFT CORP,B200
7C5305,DH8D,BOMBARDIER INC,DHC-8-402
7C5950,SF34,S.A.A.B. AIRCRAFT CO,340B
7C67B7,BE20,BEECH AIRCRAFT CORP,B200
7C7BCE,B738,THE BOEING COMPANY,737-8FE
7C4817,GAZL,WESTLAND HELICOPTERS LTD,AH MARK 1
7C49BD,AT8T,AIR TRACTOR INC,AT-802A
7C4F44,B412,BELL HELICOPTER TEXTRON CANADA LTD,412EP
7C67D0,C172,CESSNA AIRCRAFT COMPANY,172S
7C6881,B350,HAWKER BEECHCRAFT CORPORATION,B300
7C754B,C206,CESSNA AIRCRAFT COMPANY,U206G
7C7AA5,B738,THE BOEING COMPANY,737-8FE
7C0FB0,M20P,MOONEY AIRCRAFT CORP,M20E
7C1697,DA40,DIAMOND AIRCRAFT INDUSTRIES INC.,DA 40
7C2BEF,DH8D,BOMBARDIER INC,DHC-8-402
7C351B,SF34,S.A.A.B. AIRCRAFT CO,340B
7C4A4F,A21N,AIRBUS,A321-251NX
7C61E6,SIRA,COSTRUZIONI AERONAUTICHE TECNAM S.P.A.,P-MENTOR
7C67D7,C172,CESSNA AIRCRAFT COMPANY,172S
7C6B0B,A320,AIRBUS INDUSTRIE,A320-232
7C6C56,B738,THE BOEING COMPANY,737-8FE
7C6D30,B738,THE BOEING COMPANY,737-8FE
7C6D8E,B738,THE BOEING COMPANY,737-838
7C6D93,B738,THE BOEING COMPANY,737-838
7C80F6,SF34,S.A.A.B. AIRCRAFT CO,340B
7C0296,M20P,MOONEY AIRCRAFT CORP,M20J
7C3FFF,C560,CESSNA AIRCRAFT COMPANY,560
7C7AD5,AC50,AERO COMMANDER,500-S
7C7CF7,C172,CESSNA AIRCRAFT COMPANY,172M
7C3CE8,C182,CESSNA AIRCRAFT COMPANY,182J
7C3FCB,BE20,HAWKER BEECHCRAFT CORPORATION,B200C
7C4D36,SR20,CIRRUS DESIGN CORPORATION,SR20
7C6B19,A320,AIRBUS INDUSTRIE,A320-232
7C7BCC,B738,THE BOEING COMPANY,737-8FE
7C8022,SF34,S.A.A.B. AIRCRAFT CO,340B
7C1B2B,PC12,PILATUS AIRCRAFT LTD,PC-12/47E
7C664D,H60,"PICKERING AVIATION, INC.",UH-60A
7C68D4,E190,EMBRAER - EMPRESA BRASILEIRA DE AERONAUTICA S.A.,ERJ 190-100 IGW
7C6D31,B738,THE BOEING COMPANY,737-8FE
7C6DE3,B738,THE BOEING COMPANY,737-838
7C1CE4,PC24,PILATUS AIRCRAFT LTD.,PC-24
7C2709,C82R,CESSNA AIRCRAFT COMPANY,R182
7C2FFF,SR22,CIRRUS DESIGN CORPORATION,SR22
7C47A4,A21N,AIRBUS,A321-251NX
7C5916,RV6,AMATEUR BUILT AIRCRAFT,VAN'S RV-6
7C7AF0,DA40,DIAMOND AIRCRAFT INDUSTRIES INC.,DA 40
7C1CA5,PC12,PILATUS AIRCRAFT LTD,PC-12/47E
7C25DA,AS50,EUROCOPTER,AS 350 B3
7C2BAF,B738,THE BOEING COMPANY,737-8SA
7C0106,BE58,HAWKER BEECHCRAFT CORPORATION,G58
7C168D,DA40,DIAMOND AIRCRAFT INDUSTRIES INC.,DA 40
7C6B3B,A320,AIRBUS INDUSTRIE,A320-232
7C7BC7,B738,THE BOEING COMPANY,737-8FE
7C1C95,PC12,PILATUS AIRCRAFT LTD,PC-12/47E
7C4A54,A21N,AIRBUS,A321-251NX
7C530B,DH8D,BOMBARDIER INC,DHC-8-402
7C6C97,A320,AIRBUS INDUSTRIE,A320-232
7C711B,C182,CESSNA AIRCRAFT COMPANY,182Q
7C7AB6,B738,THE BOEING COMPANY,737-8FE
7C8032,SF34,S.A.A.B. AIRCRAFT CO,340B
7C14F5,SR22,CIRRUS DESIGN CORPORATION,SR22
7C1687,DA40,DIAMOND AIRCRAFT INDUSTRIES INC.,DA 40
7C2699,SW4,FAIRCHILD INDUSTRIES INC,SA227-DC
7C293D,C182,CESSNA AIRCRAFT COMPANY,182T
7C4A41,SW4,FAIRCHILD INDUSTRIES INC,SA227-DC
7C6286,C208,CESSNA AIRCRAFT COMPANY,208B
7C6B07,A320,AIRBUS INDUSTRIE,A320-232
7C7C31,DA40,DIAMOND AIRCRAFT INDUSTRIES INC.,DA 40
7C168B,DA40,DIAMOND AIRCRAFT INDUSTRIES INC.,DA 40
7C3631,PA44,PIPER AIRCRAFT CORP,PA-44-180
7C49B7,C208,TEXTRON AVIATION INC.,208B
7C4A45,A21N,AIRBUS,A321-251NX
7C7BD1,B738,THE BOEING COMPANY,737-8FE
7C0379,C172,CESSNA AIRCRAFT COMPANY,172R
7C2E75,C172,CESSNA AIRCRAFT COMPANY,172N
7C3CD4,P28A,PIPER AIRCRAFT CORP,PA-28-181
7C49DA,G150,ISRAEL AIRCRAFT INDUSTRIES LTD,GULFSTREAM G150
7C6A5E,B412,BELL HELICOPTER TEXTRON CANADA LIMITED,412EP
7C74AD,BE20,HAWKER BEECHCRAFT CORPORATION,B200
7C77FF,B738,THE BOEING COMPANY,737-838
7C7A48,B738,THE BOEING COMPANY,737-8FE
7C7B61,DA40,DIAMOND AIRCRAFT INDUSTRIES INC.,DA 40
7C810D,SF34,S.A.A.B. AIRCRAFT CO,340B
7C4A56,A21N,AIRBUS,A321-251NX
7C6781,F100,FOKKER AIRCRAFT B.V.,F28MK0100
7C6D96,B738,THE BOEING COMPANY,737-838
7C77DE,BE20,HAWKER BEECHCRAFT CORPORATION,B200C
7C7A3D,B738,THE BOEING COMPANY,737-8FE
7C1C99,PC12,PILATUS AIRCRAFT LTD,PC-12/47E
7C2496,PC12,PILATUS AIRCRAFT LTD,PC-12/47
7C6D94,B738,THE BOEING COMPANY,737-838
7C7B55,DA40,DIAMOND AIRCRAFT INDUSTRIES INC.,DA 40
7C80F8,SF34,S.A.A.B. AIRCRAFT CO,340B
7C0AE7,P68,VULCANAIR S.P.A.,P.68C
7C6A62,B412,BELL HELICOPTER TEXTRON CANADA LTD,412EP
7C5E4D,SW4,FAIRCHILD INDUSTRIES INC,SA227-DC
7C23D1,EC35,EUROCOPTER DEUTSCHLAND GMBH,EC135 P2+
76CC79,B78X,BOEING,787-10 Dreamliner
76CC81,B78X,BOEING,787-10 Dreamliner
7CFA97,P8,BOEING,P-8 Poseidon
7C03F1,E190,EMBRAER - EMPRESA BRASILEIRA DE AERONAUTICA S.A.,ERJ 190-100 IGW
7C0041,AS50,EUROCOPTER,AS 350 B3
7CB067,DH8D,DE HAVILLAND,DHC-8-400 Dash 8
7CB060,DH8D,BOMBARDIER INC,DHC-8-402
7CFA98,P8,BOEING,P-8 Poseidon
