experiment,model,fold,n_train,n_validation,accuracy,balanced_accuracy,macro_f1
physical_feature_svm,Physical-feature RBF SVM,1,6400,1600,0.36375,0.36374999999999996,0.349764011609045
physical_feature_random_forest,Physical-feature random forest,1,6400,1600,0.37625,0.37625000000000003,0.3641874822248935
preamble_cnn,Compact 1D CNN,1,6400,1600,0.3675,0.36750000000000005,0.34923417234828286
preamble_tcn,Compact TCN,1,6400,1600,0.3825,0.3825,0.34636321561152283
preamble_gru_rnn,Compact bidirectional GRU,1,6400,1600,0.351875,0.351875,0.3233036795389782
physical_feature_svm,Physical-feature RBF SVM,2,6400,1600,0.391875,0.391875,0.3808077262035833
physical_feature_random_forest,Physical-feature random forest,2,6400,1600,0.395,0.395,0.3828800224990023
preamble_cnn,Compact 1D CNN,2,6400,1600,0.341875,0.34187500000000004,0.33070968829288616
preamble_tcn,Compact TCN,2,6400,1600,0.364375,0.36437499999999995,0.3274422735039287
preamble_gru_rnn,Compact bidirectional GRU,2,6400,1600,0.344375,0.344375,0.3131931403933219
physical_feature_svm,Physical-feature RBF SVM,3,6400,1600,0.38875,0.38875000000000004,0.3815198967953216
physical_feature_random_forest,Physical-feature random forest,3,6400,1600,0.405,0.40499999999999997,0.39543048797858305
preamble_cnn,Compact 1D CNN,3,6400,1600,0.38625,0.38625,0.35285341329685316
preamble_tcn,Compact TCN,3,6400,1600,0.3725,0.37250000000000005,0.32582350418263084
preamble_gru_rnn,Compact bidirectional GRU,3,6400,1600,0.366875,0.366875,0.3536684964689588
physical_feature_svm,Physical-feature RBF SVM,4,6400,1600,0.385,0.38499999999999995,0.36846874041543676
physical_feature_random_forest,Physical-feature random forest,4,6400,1600,0.4075,0.4075,0.39179965408882683
preamble_cnn,Compact 1D CNN,4,6400,1600,0.368125,0.36812500000000004,0.3341311232007977
preamble_tcn,Compact TCN,4,6400,1600,0.385,0.38499999999999995,0.3400680070090023
preamble_gru_rnn,Compact bidirectional GRU,4,6400,1600,0.368125,0.368125,0.33961644604542035
physical_feature_svm,Physical-feature RBF SVM,5,6400,1600,0.390625,0.390625,0.3803764452217018
physical_feature_random_forest,Physical-feature random forest,5,6400,1600,0.38875,0.38875000000000004,0.3800145907298293
preamble_cnn,Compact 1D CNN,5,6400,1600,0.374375,0.374375,0.3544712209300481
preamble_tcn,Compact TCN,5,6400,1600,0.3925,0.3925,0.3429342430739001
preamble_gru_rnn,Compact bidirectional GRU,5,6400,1600,0.358125,0.358125,0.33249336344184666
