class_index,icaotype,manufacturer,model,aircraft,records
0,B738,THE BOEING COMPANY,737-838,17,620
0,B738,THE BOEING COMPANY,737-8FE,23,323
0,B738,THE BOEING COMPANY,737-8SA,3,40
0,B738,Unknown,Unknown,1,17
1,C172,CESSNA AIRCRAFT COMPANY,172M,1,39
1,C172,CESSNA AIRCRAFT COMPANY,172N,2,312
1,C172,CESSNA AIRCRAFT COMPANY,172R,1,7
1,C172,CESSNA AIRCRAFT COMPANY,172S,5,630
1,C172,CESSNA AIRCRAFT COMPANY,R172K,3,12
2,C182,CESSNA AIRCRAFT COMPANY,182J,1,453
2,C182,CESSNA AIRCRAFT COMPANY,182Q,1,20
2,C182,CESSNA AIRCRAFT COMPANY,182T,3,527
3,DA40,DIAMOND AIRCRAFT INDUSTRIES INC.,DA 40,29,1000
4,DA42,DIAMOND AIRCRAFT INDUSTRIES,DA 42,1,284
4,DA42,DIAMOND AIRCRAFT INDUSTRIES INC.,DA 42,2,716
5,P28A,PIPER AIRCRAFT CORP,PA-28-180,1,145
5,P28A,PIPER AIRCRAFT CORP,PA-28-181,3,855
6,PA44,PIPER AIRCRAFT CORP,PA-44-180,1,1000
7,SIRA,COSTRUZIONI AERONAUTICHE TECNAM S.P.A.,P-MENTOR,2,1000
