icaotype,available_records,eligible,selected,sampled_records
DA40,53767,True,True,1000
C172,24923,True,True,1000
DA42,9694,True,True,1000
P28A,5049,True,True,1000
SIRA,2565,True,True,1000
PA44,1510,True,True,1000
C182,1392,True,True,1000
B738,1072,True,True,1000
DH8D,851,False,False,0
A21N,832,False,False,0
BE20,825,False,False,0
C208,751,False,False,0
AS50,721,False,False,0
BE58,721,False,False,0
T206,648,False,False,0
SF34,595,False,False,0
H60,575,False,False,0
SW4,401,False,False,0
E190,331,False,False,0
PC12,315,False,False,0
PA34,313,False,False,0
EC35,309,False,False,0
B78X,305,False,False,0
B412,286,False,False,0
SR22,266,False,False,0
A339,259,False,False,0
B77W,257,False,False,0
PA46,241,False,False,0
P28T,228,False,False,0
A320,181,False,False,0
A359,141,False,False,0
C82R,141,False,False,0
C72R,96,False,False,0
AC50,77,False,False,0
B06,71,False,False,0
C337,69,False,False,0
B737,67,False,False,0
C210,61,False,False,0
C206,60,False,False,0
SR20,56,False,False,0
F100,52,False,False,0
R44,49,False,False,0
AT8T,41,False,False,0
B789,40,False,False,0
P28R,39,False,False,0
LNC4,37,False,False,0
M20P,33,False,False,0
P32R,33,False,False,0
T210,33,False,False,0
P68,32,False,False,0
C340,31,False,False,0
GAZL,26,False,False,0
P8,25,False,False,0
RV6,25,False,False,0
C207,24,False,False,0
G150,22,False,False,0
C560,13,False,False,0
PC24,13,False,False,0
B350,12,False,False,0
EC45,8,False,False,0
S22T,3,False,False,0
SLG4,2,False,False,0
RV10,1,False,False,0
