experiment,icaotype,aircraft,records,days,recall
physical_feature_svm,C172,13,5000,14,0.5426
physical_feature_svm,DA40,30,5000,15,0.5014
physical_feature_svm,DA42,3,5000,14,0.4444
physical_feature_svm,P28A,4,5000,13,0.828
physical_feature_random_forest,C172,13,5000,14,0.4732
physical_feature_random_forest,DA40,30,5000,15,0.525
physical_feature_random_forest,DA42,3,5000,14,0.439
physical_feature_random_forest,P28A,4,5000,13,0.8294
preamble_cnn,C172,13,5000,14,0.438
preamble_cnn,DA40,30,5000,15,0.6006
preamble_cnn,DA42,3,5000,14,0.452
preamble_cnn,P28A,4,5000,13,0.8302
preamble_tcn,C172,13,5000,14,0.1876
preamble_tcn,DA40,30,5000,15,0.5534
preamble_tcn,DA42,3,5000,14,0.735
preamble_tcn,P28A,4,5000,13,0.828
preamble_gru_rnn,C172,13,5000,14,0.5054
preamble_gru_rnn,DA40,30,5000,15,0.5502
preamble_gru_rnn,DA42,3,5000,14,0.6304
preamble_gru_rnn,P28A,4,5000,13,0.8268
