fold,feature,importance
1,amplitude_mean,0.01801043948500459
1,amplitude_std,0.023120409642415442
1,amplitude_skew,0.022717742455986453
1,amplitude_kurtosis,0.02300334838749489
1,crest_factor,0.0228424249975093
1,active_power,0.005888266986646614
1,quiet_power,0.000350733435717373
1,preamble_snr_db,0.024564820816252515
1,carrier_offset_hz,0.05903408404975376
1,phase_step_std,0.026866372999066804
1,iq_power_imbalance_db,0.03398508262335191
1,iq_correlation,0.032900893776692516
1,pulse_power_variation,0.02310843092140203
1,pulse_amplitude_0,0.0223258942447537
1,pulse_amplitude_1,0.019478399461906864
1,pulse_amplitude_2,0.01949357021314069
1,pulse_amplitude_3,0.019342703211749378
1,pulse_amplitude_4,0.02162484330980485
1,pulse_i_0,0.041761059328055454
1,pulse_i_1,0.0446471765955065
1,pulse_i_2,0.05508496214157484
1,pulse_i_3,0.04950021925085766
1,pulse_i_4,0.03801796392492674
1,pulse_q_0,0.04238461773262977
1,pulse_q_1,0.04927047916652013
1,pulse_q_2,0.05123898416333437
1,pulse_q_3,0.04679651026153058
1,pulse_q_4,0.04071131174288453
1,pulse_phase_0,0.024042350622095265
1,pulse_phase_1,0.023423543003142627
1,pulse_phase_2,0.02447487774588988
1,pulse_phase_3,0.02372844694171265
1,pulse_phase_4,0.02625903636068909
2,amplitude_mean,0.018020077000928683
2,amplitude_std,0.02264976155038843
2,amplitude_skew,0.022976807486346167
2,amplitude_kurtosis,0.023561300693006187
2,crest_factor,0.023437548156348187
2,active_power,0.005944814406877039
2,quiet_power,0.00033326067888537277
2,preamble_snr_db,0.024056148059770143
2,carrier_offset_hz,0.058820835661239156
2,phase_step_std,0.026948111184764402
2,iq_power_imbalance_db,0.03583108029755671
2,iq_correlation,0.032649372459296
2,pulse_power_variation,0.023028952563757112
2,pulse_amplitude_0,0.02241600604065134
2,pulse_amplitude_1,0.019533804470497018
2,pulse_amplitude_2,0.019599236873389252
2,pulse_amplitude_3,0.019869601407756583
2,pulse_amplitude_4,0.02137664999905677
2,pulse_i_0,0.04170631476392198
2,pulse_i_1,0.048324635407757825
2,pulse_i_2,0.04653046721036605
2,pulse_i_3,0.048205667987545296
2,pulse_i_4,0.04291670450121358
2,pulse_q_0,0.04145040800452829
2,pulse_q_1,0.047743435014279294
2,pulse_q_2,0.0495033714591045
2,pulse_q_3,0.04916006405581066
2,pulse_q_4,0.04331762649676932
2,pulse_phase_0,0.024425148671293768
2,pulse_phase_1,0.02407138636234132
2,pulse_phase_2,0.023787932721397897
2,pulse_phase_3,0.022793161726949354
2,pulse_phase_4,0.025010306626206544
3,amplitude_mean,0.017519993920694345
3,amplitude_std,0.022819517272889004
3,amplitude_skew,0.02336470701756729
3,amplitude_kurtosis,0.023461057265310444
3,crest_factor,0.022992330861209803
3,active_power,0.0061330837578020695
3,quiet_power,0.00030347384654112405
3,preamble_snr_db,0.02376707690094099
3,carrier_offset_hz,0.06062661269555132
3,phase_step_std,0.026706739649112566
3,iq_power_imbalance_db,0.036270504100927733
3,iq_correlation,0.03408505633478273
3,pulse_power_variation,0.02311412539203858
3,pulse_amplitude_0,0.021893343309965983
3,pulse_amplitude_1,0.019515060668932084
3,pulse_amplitude_2,0.018873344571859976
3,pulse_amplitude_3,0.019538394813521865
3,pulse_amplitude_4,0.02173208869213351
3,pulse_i_0,0.040031018140488143
3,pulse_i_1,0.048598774309047243
3,pulse_i_2,0.04923933412529102
3,pulse_i_3,0.048146679202565164
3,pulse_i_4,0.03656365586924233
3,pulse_q_0,0.044559177738272344
3,pulse_q_1,0.04565147723859844
3,pulse_q_2,0.04960630981493352
3,pulse_q_3,0.049381408523052644
3,pulse_q_4,0.04435327565868223
3,pulse_phase_0,0.025063009057241285
3,pulse_phase_1,0.0236582900491095
3,pulse_phase_2,0.022425920812040877
3,pulse_phase_3,0.023717906157919105
3,pulse_phase_4,0.02628725223173476
4,amplitude_mean,0.018387034833581804
4,amplitude_std,0.023517363640962186
4,amplitude_skew,0.022338584677470855
4,amplitude_kurtosis,0.023461705371271246
4,crest_factor,0.023122330372889563
4,active_power,0.005909321091740239
4,quiet_power,0.0003517467143760004
4,preamble_snr_db,0.024103896176692948
4,carrier_offset_hz,0.05711008513456931
4,phase_step_std,0.02680512787088874
4,iq_power_imbalance_db,0.03568649720170263
4,iq_correlation,0.032834555190501644
4,pulse_power_variation,0.023373565591838077
4,pulse_amplitude_0,0.02172537290082829
4,pulse_amplitude_1,0.019522502733586584
4,pulse_amplitude_2,0.019384870615653322
4,pulse_amplitude_3,0.0193330255488727
4,pulse_amplitude_4,0.021524571885703832
4,pulse_i_0,0.038658020899111425
4,pulse_i_1,0.04781744529155888
4,pulse_i_2,0.04554432031840932
4,pulse_i_3,0.048275856348175626
4,pulse_i_4,0.04398202927232342
4,pulse_q_0,0.04305710466852058
4,pulse_q_1,0.04752035649332352
4,pulse_q_2,0.055074103118000636
4,pulse_q_3,0.04791619658761082
4,pulse_q_4,0.04267217412774259
4,pulse_phase_0,0.0252516720622921
4,pulse_phase_1,0.023757249656153497
4,pulse_phase_2,0.023795413174136634
4,pulse_phase_3,0.022882666689823614
4,pulse_phase_4,0.025303233739687375
5,amplitude_mean,0.01784359109582272
5,amplitude_std,0.023211659321203105
5,amplitude_skew,0.0234897086975933
5,amplitude_kurtosis,0.023373708099432188
5,crest_factor,0.02316182088106436
5,active_power,0.006096420089619451
5,quiet_power,0.0003656974699659417
5,preamble_snr_db,0.023963700072357264
5,carrier_offset_hz,0.059068844817510326
5,phase_step_std,0.026002886137658745
5,iq_power_imbalance_db,0.03616606008351817
5,iq_correlation,0.032658154772002394
5,pulse_power_variation,0.02310983161652215
5,pulse_amplitude_0,0.021781866226136072
5,pulse_amplitude_1,0.019610794562155295
5,pulse_amplitude_2,0.019209162948398396
5,pulse_amplitude_3,0.01915008835649343
5,pulse_amplitude_4,0.021548903198586315
5,pulse_i_0,0.04532945543316912
5,pulse_i_1,0.04761813376852024
5,pulse_i_2,0.05078777714850633
5,pulse_i_3,0.04378551767117509
5,pulse_i_4,0.040217036632819336
5,pulse_q_0,0.04218110264100731
5,pulse_q_1,0.048778982867543556
5,pulse_q_2,0.047599692720710136
5,pulse_q_3,0.0495440778617574
5,pulse_q_4,0.04130841805951341
5,pulse_phase_0,0.024460472716966754
5,pulse_phase_1,0.024524233692360356
5,pulse_phase_2,0.023805004600098066
5,pulse_phase_3,0.02351742771907653
5,pulse_phase_4,0.026729768020736743
