icao,2026-08-26,2026-09-23,2026-09-24,2026-09-25,2026-09-26,2026-09-27,2026-09-28,2026-09-29,2026-09-30,2026-10-01,2026-10-02,2026-10-03,2026-10-04,2026-10-05,2026-10-06
06A062,0,0,0,0,0,0,24,0,0,0,0,0,0,0,0
06A078,0,0,0,0,0,0,0,0,0,0,0,0,0,6,0
06A19F,0,17,0,0,0,0,0,0,0,0,0,0,0,0,0
06A1BC,0,0,0,0,0,0,0,0,17,0,0,0,0,0,0
06A2B2,0,0,0,0,0,0,0,0,0,0,0,0,20,0,0
06A2B3,0,0,0,28,26,0,0,0,0,0,0,0,0,0,0
06A2B4,0,0,0,0,0,0,0,0,0,0,11,0,0,0,0
06A2B8,0,0,0,0,0,0,36,0,0,0,0,24,0,0,0
06A2C4,0,0,0,0,20,23,0,0,0,0,0,0,0,0,0
750579,0,0,39,2,33,0,0,0,0,0,0,0,0,0,0
750596,0,0,37,0,0,0,0,0,0,0,0,0,0,0,0
750597,0,0,0,0,0,0,0,0,0,0,0,0,38,24,0
750599,0,0,0,0,0,0,0,33,0,0,0,0,0,0,0
7505BC,0,0,0,0,0,50,0,0,0,0,0,0,0,0,0
76CC63,0,0,0,0,0,0,0,24,0,0,0,0,0,0,0
76CC64,0,0,0,0,0,0,0,0,0,0,0,35,0,0,0
76CC65,0,0,0,0,0,9,0,0,0,0,0,0,0,0,0
76CC6A,0,0,0,32,0,0,0,0,0,0,0,0,0,0,0
76CC6F,0,0,26,0,0,0,0,0,0,0,0,0,0,0,0
76CC70,0,0,0,0,0,0,0,26,0,0,0,0,0,0,0
76CC72,0,0,0,27,0,0,0,0,0,0,0,19,0,0,0
76CC73,0,0,0,0,0,0,0,0,0,0,0,0,0,14,0
76CC75,0,0,0,0,0,13,0,0,0,0,0,0,29,0,0
76CC79,0,0,0,0,0,0,11,0,0,0,0,0,0,0,0
76CC81,0,9,0,0,0,0,0,0,0,0,1,0,0,0,0
76CC82,0,0,0,0,23,0,0,0,0,0,0,0,0,0,0
78198D,0,0,0,0,27,0,0,0,0,0,0,0,0,0,0
782282,0,0,13,0,0,0,0,0,0,0,0,0,0,0,0
7C0041,0,0,43,0,0,0,45,256,38,44,61,60,28,3,37
7C0074,0,381,603,1438,0,481,765,135,53,0,0,0,682,73,284
7C0077,16,247,110,417,336,132,462,220,41,103,192,381,758,572,70
7C0106,0,0,0,36,0,0,0,271,117,0,108,0,189,0,0
7C0246,0,0,0,0,0,0,93,0,0,49,0,0,0,506,0
7C0379,0,0,0,0,0,0,0,0,0,0,0,0,139,27,0
7C03F1,0,41,1,0,0,36,8,24,0,0,0,0,0,0,0
7C0402,0,0,0,0,0,3,0,4,9,2,0,0,0,0,0
7C040D,0,0,0,59,0,0,2,0,10,0,0,0,0,0,0
7C0433,0,0,0,44,0,0,0,0,0,0,0,0,0,43,0
7C0A5D,0,0,0,0,0,0,0,51,0,0,0,0,0,0,0
7C0AE7,0,32,0,0,0,0,0,0,0,0,0,0,0,0,0
7C0B96,0,190,0,0,0,0,0,0,0,0,0,0,0,0,0
7C0C4B,0,0,0,0,0,0,0,0,0,0,6,33,0,0,0
7C0D65,0,638,634,342,39,0,735,25,59,27,790,0,183,256,188
7C0FB0,0,0,0,0,0,0,0,0,31,0,0,0,0,0,0
7C1452,0,26,0,0,0,0,0,0,0,0,0,0,0,0,0
7C14F5,0,0,0,30,0,0,0,0,0,0,29,0,13,0,4
7C1687,0,62,553,420,6,14,30,202,435,0,0,0,0,235,193
7C1689,0,333,99,0,0,0,0,21,81,286,112,1,424,141,94
7C168A,0,398,364,291,0,0,0,21,33,0,33,0,37,210,29
7C168B,0,68,563,233,5,38,49,475,9,366,92,74,98,88,106
7C168D,0,54,123,303,1,0,177,38,22,0,0,0,0,89,0
7C1697,0,0,178,269,5,27,287,223,501,0,30,0,33,445,48
7C17B2,0,0,0,88,0,41,0,0,0,0,0,0,0,0,0
7C1B0F,0,0,11,0,0,0,0,0,0,0,0,0,0,0,0
7C1B2A,0,77,236,42,9,72,29,2,52,40,105,0,45,242,55
7C1B2B,0,0,10,0,0,0,0,0,0,0,0,0,0,0,0
7C1BDD,0,0,0,0,0,0,0,10,2,0,0,0,0,0,0
7C1C48,0,0,0,0,0,0,0,0,0,16,0,0,13,11,0
7C1C95,0,0,0,0,40,0,0,0,0,0,0,0,0,0,0
7C1C99,0,31,0,0,0,0,0,0,0,13,0,0,18,0,0
7C1CA2,0,0,0,0,0,0,0,0,0,0,0,0,0,10,0
7C1CA5,0,0,27,4,0,8,0,0,1,22,10,0,0,0,0
7C23D1,0,0,0,0,0,0,0,0,0,0,0,301,2,6,0
7C2496,0,0,0,31,0,0,0,0,0,0,0,0,31,0,0
7C259E,0,0,0,0,0,0,11,67,29,0,109,192,52,241,0
7C25DA,0,0,2,0,0,0,39,0,0,0,0,0,0,0,0
7C2647,0,0,0,0,0,0,0,0,0,0,0,0,0,7,68
7C2699,0,0,75,0,0,0,75,38,60,0,0,0,0,0,0
7C2709,0,0,31,0,0,0,0,0,0,0,0,0,0,0,0
7C2901,0,0,96,0,0,0,0,0,0,0,0,0,0,0,0
7C2913,0,61,0,0,0,0,0,0,0,0,0,0,0,0,0
7C293D,0,47,0,425,0,0,0,3,30,0,0,0,0,0,0
7C29D4,0,0,0,27,0,0,0,0,0,0,0,0,0,0,0
7C2BC5,0,10,0,0,0,0,0,0,0,0,0,0,0,0,0
7C2BEE,0,0,0,11,0,0,3,1,19,30,0,0,0,17,0
7C2BEF,0,0,1,0,0,0,0,11,24,0,0,0,0,0,14
7C2BF9,0,11,38,0,0,0,3,0,0,0,0,0,0,16,5
7C2D99,0,43,29,0,0,0,0,0,0,0,0,0,0,0,0
7C2E09,0,0,0,0,0,0,0,0,0,0,0,7,0,0,0
7C2E75,0,553,360,401,636,354,82,0,0,402,69,344,143,450,293
7C2E7F,0,0,0,33,0,0,0,0,0,0,0,0,0,0,0
7C2EA4,0,0,0,0,0,0,35,0,0,0,0,0,0,0,0
7C2FFF,0,0,0,0,0,0,0,25,33,0,0,0,0,0,0
7C33F2,0,0,228,0,0,0,0,0,0,0,0,0,0,0,0
7C351B,0,0,0,0,0,14,0,0,0,0,0,0,0,0,0
7C3631,0,0,415,52,0,278,705,60,0,0,0,0,0,0,0
7C38F8,0,26,18,0,0,0,0,0,0,0,0,0,0,0,0
7C3A00,0,0,0,0,0,30,0,6,39,0,0,0,0,0,0
7C3AA6,0,0,0,0,49,0,0,0,0,0,0,0,0,0,0
7C3CD4,0,0,57,0,0,0,0,0,0,0,0,0,0,0,0
7C3CE8,0,0,443,50,0,12,0,0,49,0,0,0,65,0,0
7C3FCB,0,0,28,3,34,0,41,0,0,0,23,3,0,0,0
7C3FFF,0,0,0,0,0,0,0,0,0,0,0,0,0,13,0
7C41D4,0,0,0,0,0,0,0,0,0,0,190,0,9,0,0
7C41FD,0,0,632,424,0,501,589,220,305,319,377,336,795,239,229
7C4209,0,0,0,0,0,34,0,0,0,0,0,0,0,9,0
7C42AE,0,0,0,40,0,0,0,0,0,201,0,0,0,0,0
7C444D,0,563,489,429,590,11,56,16,163,337,460,877,122,65,0
7C44DA,0,0,0,0,0,0,0,0,0,24,0,0,0,0,0
7C4709,0,0,0,0,0,0,0,10,72,0,78,0,31,2,0
7C475B,0,20,0,0,0,0,0,0,0,0,0,0,0,0,0
7C4760,0,0,20,0,0,0,421,47,0,20,0,0,0,0,0
7C479F,0,0,22,0,45,0,0,0,0,0,0,0,0,0,0
7C47A4,0,0,0,0,0,0,38,0,24,0,0,0,0,0,0
7C4817,0,0,2,0,0,0,24,0,0,0,0,0,0,0,0
7C487C,0,29,50,0,37,0,0,0,0,0,0,0,0,0,0
7C4880,0,0,0,0,0,0,0,0,0,16,0,38,0,0,0
7C49BD,0,0,21,0,0,0,0,0,0,0,0,0,0,0,0
7C49DA,0,0,0,0,5,0,17,0,0,0,0,0,0,0,0
7C4A05,0,27,20,0,0,0,157,0,71,20,16,0,0,0,0
7C4A41,0,0,1,30,0,0,0,44,0,0,0,0,0,0,0
7C4A43,0,0,0,0,0,0,0,0,0,0,0,1,31,0,0
7C4A45,0,0,0,7,0,0,0,0,0,0,0,0,0,0,0
7C4A46,0,0,0,0,0,0,44,0,0,5,0,0,0,0,0
7C4A4F,0,0,0,0,0,2,38,0,38,62,0,0,2,37,4
7C4A51,0,25,0,0,0,0,0,0,0,0,0,0,0,0,0
7C4A53,0,0,0,0,0,0,0,0,0,23,0,33,0,0,0
7C4A54,0,0,0,0,0,0,0,0,0,0,0,0,9,0,0
7C4A56,0,52,45,21,21,40,24,0,17,0,1,0,0,0,0
7C4C65,0,33,0,0,0,0,0,0,0,0,0,0,0,0,0
7C4CD2,0,0,0,46,0,0,39,42,19,0,3,0,0,0,0
7C4D36,0,0,0,0,0,0,0,0,0,0,0,0,20,0,0
7C4DB7,0,0,265,588,631,34,0,0,0,0,0,363,340,7,1
7C4E44,0,0,0,691,15,71,145,134,523,39,81,0,12,145,30
7C4F44,0,0,49,0,0,0,0,0,0,20,0,0,0,0,0
7C52F9,0,33,0,0,0,0,0,0,0,0,0,0,0,0,0
7C52FB,0,0,0,0,0,0,0,0,0,0,0,0,31,45,0
7C5305,0,0,0,41,0,0,0,21,35,17,0,0,0,0,0
7C530B,0,0,0,0,0,0,0,0,0,0,40,0,26,27,0
7C582C,0,120,138,265,3,46,233,130,41,0,90,0,68,106,35
7C5916,0,0,0,0,25,0,0,0,0,0,0,0,0,0,0
7C5950,0,66,0,0,0,0,0,0,0,0,0,0,0,0,0
7C5B70,0,0,0,24,0,0,0,0,0,0,0,0,0,0,0
7C5E4D,0,0,0,0,0,0,0,0,0,0,0,0,28,0,0
7C611F,0,0,0,0,0,0,16,0,0,0,0,0,0,0,0
7C61E6,0,0,0,0,0,0,0,0,0,0,131,67,27,111,0
7C6286,0,0,0,0,0,0,0,0,13,0,0,0,20,0,0
7C664D,0,0,0,0,0,0,0,1,30,0,8,0,0,0,0
7C6693,0,54,340,114,273,24,176,24,29,0,0,0,0,36,32
7C6781,0,0,0,0,0,26,0,0,0,0,0,0,0,0,0
7C67AE,0,0,113,0,0,0,0,0,0,0,0,0,0,0,0
7C67B7,0,48,56,0,0,0,58,28,0,0,0,0,0,3,0
7C67D0,0,377,235,789,454,509,64,451,121,0,0,11,36,721,272
7C67D3,0,122,1070,91,24,83,421,207,85,49,175,795,113,0,91
7C67D7,0,43,324,0,0,0,0,0,0,0,0,0,0,0,0
7C68A5,0,37,0,0,0,0,0,0,0,0,0,0,0,0,0
7C68D4,0,0,17,4,0,0,41,0,0,0,0,0,0,0,0
7C6A5E,0,0,0,0,0,0,0,0,55,0,0,0,0,0,0
7C6A62,0,10,0,54,0,92,0,0,0,0,0,0,6,0,0
7C6ACA,0,0,0,0,0,0,0,0,40,0,24,0,0,1,0
7C6B07,0,8,0,0,0,0,0,0,0,0,0,0,0,0,0
7C6B0B,0,0,7,0,0,0,0,0,0,0,0,0,0,0,0
7C6B19,0,0,0,0,0,0,0,0,0,0,0,0,4,0,4
7C6B28,0,0,0,0,0,27,0,0,0,0,0,0,0,0,0
7C6B3B,0,0,4,0,4,0,0,0,0,0,0,0,0,0,0
7C6C18,0,431,294,644,0,525,0,64,286,630,388,0,0,33,0
7C6C52,0,0,0,0,0,0,21,0,0,0,0,0,0,0,0
7C6C55,0,0,0,0,0,0,0,0,0,0,0,3,15,0,0
7C6C97,0,0,0,0,0,0,4,0,0,0,0,0,0,23,0
7C6D2A,0,0,0,0,0,0,0,0,0,15,0,0,0,0,0
7C6D30,0,0,0,0,0,0,0,0,17,0,0,0,0,0,0
7C6D31,0,0,0,0,0,0,17,0,0,0,0,0,0,0,0
7C6D32,0,0,0,0,0,0,0,0,16,0,0,0,0,0,0
7C6D37,0,0,0,0,0,12,19,0,0,0,0,0,0,1,0
7C6D4E,0,0,0,0,31,0,0,0,0,0,0,0,0,0,0
7C6D8C,0,0,0,0,0,0,0,0,13,0,0,0,0,0,0
7C6D8E,0,0,0,0,0,17,0,0,0,0,0,0,0,0,0
7C6D90,0,0,0,0,0,0,0,0,13,3,0,0,0,0,0
7C6D93,0,0,0,0,0,0,18,0,0,0,0,0,0,0,0
7C6D94,0,0,0,0,0,0,0,0,0,0,0,0,13,0,0
7C6D96,0,0,0,38,0,0,0,0,0,0,0,0,0,0,0
7C6D99,0,0,0,0,0,8,49,0,0,0,0,0,0,0,0
7C6D9B,0,27,0,0,0,0,0,0,0,0,0,0,0,0,0
7C6DB2,0,19,0,0,30,0,0,0,0,0,0,0,0,0,0
7C6DB6,0,0,28,39,0,0,33,0,17,0,0,0,0,0,0
7C6DB7,0,0,0,0,0,0,0,0,0,0,18,0,0,0,0
7C6DB8,0,0,0,0,0,0,0,0,0,0,0,19,30,16,0
7C6DB9,0,0,0,0,0,0,0,22,20,39,25,0,0,33,0
7C6DDB,0,0,0,0,0,0,0,9,0,0,0,0,0,0,0
7C6DDD,0,0,15,0,0,0,0,0,0,0,0,0,0,0,0
7C6DE3,0,0,35,0,0,0,0,0,0,0,0,0,0,0,0
7C6F86,0,0,110,0,0,0,0,0,0,0,0,0,0,0,0
7C711B,0,0,31,0,0,0,0,0,0,0,0,0,0,0,0
7C7144,0,419,507,1046,307,22,100,0,141,56,0,526,278,112,15
7C74AD,0,0,0,0,0,0,0,0,5,0,1,0,0,0,0
7C754B,0,0,0,0,0,0,0,0,0,0,0,33,0,27,0
7C75E4,0,0,0,0,0,26,0,0,0,0,0,0,0,0,0
7C761D,0,0,0,37,0,0,0,0,0,0,0,0,0,0,0
7C7701,0,18,0,0,40,0,0,0,0,0,0,0,0,0,0
7C776F,0,0,0,0,0,0,3,0,9,0,0,0,0,0,0
7C7770,0,1,52,0,10,0,0,0,0,0,0,0,0,0,0
7C7778,0,0,0,0,0,0,17,3,0,0,0,0,0,0,0
7C77DE,0,68,18,0,15,1,0,0,20,0,0,0,10,0,0
7C77FF,0,0,0,0,0,0,0,0,0,0,0,0,0,0,17
7C788F,0,3,0,0,0,1,25,0,0,0,0,0,0,0,0
7C79B4,30,23,614,524,332,57,0,0,0,38,1076,0,1,0,262
7C7A3B,0,0,0,0,0,0,0,0,0,0,9,0,0,0,0
7C7A3D,0,0,0,0,0,0,0,0,7,0,0,0,0,18,0
7C7A3F,0,0,14,0,0,0,0,0,0,0,0,0,0,0,0
7C7A46,0,0,8,0,0,0,0,0,0,0,0,0,0,0,0
7C7A48,0,0,12,24,0,0,0,0,0,0,0,0,0,0,0
7C7AA5,0,0,0,0,0,0,0,0,0,0,0,0,11,0,0
7C7AA9,0,0,0,27,0,0,0,0,0,0,0,0,0,0,0
7C7AB6,0,0,0,0,0,0,0,0,0,0,0,0,16,0,0
7C7AEF,0,62,115,258,0,0,0,0,162,0,38,0,79,341,37
7C7AF0,0,75,433,324,9,100,180,9,61,31,30,34,42,248,0
7C7AF7,13,44,278,294,1,56,164,81,90,0,42,0,19,136,18
7C7AF8,0,70,108,30,47,63,96,35,14,0,0,0,19,170,26
7C7B55,0,108,87,511,0,0,32,423,71,0,101,0,0,253,56
7C7B56,28,24,127,27,10,208,67,101,42,0,0,0,80,461,132
7C7B5E,98,106,0,0,0,0,93,32,320,473,214,160,500,316,0
7C7B5F,0,62,275,472,0,40,262,32,603,37,396,0,32,296,141
7C7B60,0,102,914,558,361,70,22,73,67,0,541,0,117,21,32
7C7B61,0,32,453,95,6,35,731,0,8,39,1,0,218,287,3
7C7B64,0,253,385,87,0,1,322,111,0,0,0,0,0,0,0
7C7B65,0,709,285,657,1,62,157,158,40,0,0,0,73,3,239
7C7BC6,0,0,0,0,0,0,14,0,0,0,0,0,0,0,0
7C7BC7,0,0,0,13,0,0,0,0,0,0,0,0,0,0,0
7C7BCC,0,0,0,0,0,0,0,0,0,0,23,0,0,0,0
7C7BCE,0,0,0,0,0,0,10,0,0,0,0,0,0,0,0
7C7BD9,0,805,727,555,28,0,217,406,47,0,0,0,0,0,36
7C7C0A,0,0,0,0,0,0,0,152,0,0,12,0,0,0,0
7C7C2E,28,76,385,104,8,4,213,41,437,0,171,0,272,46,71
7C7C31,6,62,221,62,9,17,28,28,65,0,39,0,34,50,0
7C7C39,47,117,301,465,13,0,200,100,11,39,336,0,0,2,137
7C7C3E,32,243,145,353,4,9,328,231,29,253,89,5,522,103,39
7C7C41,0,528,568,139,0,9,121,0,52,21,48,0,80,115,29
7C7CF7,0,0,75,251,251,208,38,0,0,0,0,0,60,0,0
7C7F35,0,0,0,0,0,0,0,0,0,0,29,0,0,40,0
7C7FE6,0,0,39,0,0,19,0,52,0,15,25,0,0,0,0
7C8022,0,0,0,32,0,0,0,0,0,1,0,5,30,0,0
7C8032,0,0,82,0,0,0,0,0,17,15,0,0,0,0,0
7C80AE,0,0,0,0,0,0,0,0,0,0,0,0,22,14,0
7C80F6,0,0,0,0,0,0,0,0,21,0,0,0,0,0,16
7C80F8,0,0,28,0,0,0,0,0,0,0,0,0,0,0,0
7C810D,0,0,0,0,0,0,0,0,10,0,0,21,18,33,0
7C8131,0,0,0,0,0,0,36,0,0,0,0,0,0,0,0
7CACA9,0,0,0,0,0,0,0,0,0,0,0,0,0,8,0
7CAE4D,0,0,0,0,0,0,38,0,0,0,2,0,0,0,0
7CB05D,0,17,26,33,0,0,0,24,0,0,0,0,0,0,0
7CB063,0,0,0,0,0,0,0,0,0,0,26,0,25,54,0
7CB067,0,0,0,49,0,0,0,0,0,0,0,0,0,0,0
7CB0AB,0,0,198,271,30,0,37,0,0,0,0,0,0,0,0
7CF8ED,0,0,0,0,0,0,0,0,0,8,0,0,0,2,0
7CF9CE,0,0,0,0,0,0,7,0,0,0,0,0,0,0,0
7CFA97,0,1,1,2,0,0,6,5,0,0,0,0,0,0,0
89667B,0,0,0,0,0,0,0,0,13,0,0,0,0,0,0
89667C,0,0,0,0,0,0,0,0,0,0,0,18,0,0,0
89667D,0,0,0,0,0,26,0,0,0,0,0,0,0,0,0
89667E,0,0,0,7,0,0,0,0,0,0,0,0,0,0,0
89667F,0,0,0,0,29,0,0,0,0,0,0,0,0,0,0
8966FB,0,0,0,0,0,0,38,0,0,0,0,0,4,0,0
C842C7,0,0,0,0,0,0,0,0,0,0,0,0,0,19,0
