icao,011026_ML.npy,021026_ML.npy,230926_ML_2.npy,230926_ML_3.npy,240926_ML.npy,280926_ML.npy,290926_ML.npy
06A062,0,0,0,0,24,0,0
06A078,0,6,0,0,0,0,0
06A19F,0,0,0,17,0,0,0
06A1BC,0,0,0,0,0,0,17
06A2B2,0,20,0,0,0,0,0
06A2B3,0,0,0,0,54,0,0
06A2B4,0,11,0,0,0,0,0
06A2B8,0,24,0,0,0,36,0
06A2C4,0,0,0,0,43,0,0
750579,0,0,0,0,74,0,0
750596,0,0,0,0,37,0,0
750597,0,62,0,0,0,0,0
750599,0,0,0,0,0,33,0
7505BC,0,0,0,0,50,0,0
76CC63,0,0,0,0,0,24,0
76CC64,0,35,0,0,0,0,0
76CC65,0,0,0,0,9,0,0
76CC6A,0,0,0,0,32,0,0
76CC6F,0,0,0,0,26,0,0
76CC70,0,0,0,0,0,0,26
76CC72,0,19,0,0,27,0,0
76CC73,0,14,0,0,0,0,0
76CC75,0,29,0,0,13,0,0
76CC79,0,0,0,0,0,11,0
76CC81,0,1,0,9,0,0,0
76CC82,0,0,0,0,23,0,0
78198D,0,0,0,0,27,0,0
782282,0,0,0,0,13,0,0
7C0041,30,189,0,0,86,258,52
7C0074,0,1039,0,381,2975,447,53
7C0077,103,1973,55,208,1312,363,43
7C0106,0,297,0,0,36,271,117
7C0246,49,506,0,0,93,0,0
7C0379,0,166,0,0,0,0,0
7C03F1,0,0,0,41,37,8,24
7C0402,2,0,0,0,3,0,13
7C040D,0,0,0,0,59,2,10
7C0433,0,43,0,0,44,0,0
7C0A5D,0,0,0,0,0,0,51
7C0AE7,0,0,32,0,0,0,0
7C0B96,0,0,0,190,0,0,0
7C0C4B,0,39,0,0,0,0,0
7C0D65,27,1417,29,609,1411,339,84
7C0FB0,0,0,0,0,0,0,31
7C1452,0,0,0,26,0,0,0
7C14F5,0,46,0,0,30,0,0
7C1687,0,428,0,62,1020,180,460
7C1689,286,772,0,361,71,0,102
7C168A,0,309,14,384,655,0,54
7C168B,426,398,0,68,888,26,458
7C168D,0,89,0,54,604,30,30
7C1697,0,556,0,0,671,95,724
7C17B2,0,0,0,0,129,0,0
7C1B0F,0,0,0,0,11,0,0
7C1B2A,40,447,38,39,388,0,54
7C1B2B,0,0,0,0,10,0,0
7C1BDD,0,0,0,0,0,0,12
7C1C48,16,24,0,0,0,0,0
7C1C95,0,0,0,0,40,0,0
7C1C99,13,18,0,31,0,0,0
7C1CA2,0,10,0,0,0,0,0
7C1CA5,22,10,0,0,39,0,1
7C23D1,0,309,0,0,0,0,0
7C2496,0,31,0,0,31,0,0
7C259E,0,594,0,0,0,71,36
7C25DA,0,0,0,0,41,0,0
7C2647,0,75,0,0,0,0,0
7C2699,0,0,0,0,75,75,98
7C2709,0,0,0,0,31,0,0
7C2901,0,0,0,0,96,0,0
7C2913,0,0,0,61,0,0,0
7C293D,0,0,47,0,425,0,33
7C29D4,0,0,0,0,27,0,0
7C2BC5,0,0,0,10,0,0,0
7C2BEE,30,17,0,0,11,3,20
7C2BEF,0,14,0,0,1,0,35
7C2BF9,0,21,0,11,41,0,0
7C2D99,0,0,0,43,29,0,0
7C2E09,0,7,0,0,0,0,0
7C2E75,471,1230,0,553,1803,30,0
7C2E7F,0,0,0,0,33,0,0
7C2EA4,0,0,0,0,35,0,0
7C2FFF,0,0,0,0,0,0,58
7C33F2,0,0,0,0,228,0,0
7C351B,0,0,0,0,14,0,0
7C3631,0,0,0,0,979,498,33
7C38F8,0,0,0,26,18,0,0
7C3A00,0,0,0,0,30,0,45
7C3AA6,0,0,0,0,49,0,0
7C3CD4,0,0,0,0,57,0,0
7C3CE8,0,65,0,0,505,0,49
7C3FCB,0,26,0,0,65,41,0
7C3FFF,0,13,0,0,0,0,0
7C41D4,0,199,0,0,0,0,0
7C41FD,378,1917,0,0,2103,259,309
7C4209,0,9,0,0,34,0,0
7C42AE,201,0,0,0,40,0,0
7C444D,351,1510,156,407,1575,0,179
7C44DA,24,0,0,0,0,0,0
7C4709,0,111,0,0,0,10,72
7C475B,0,0,0,20,0,0,0
7C4760,20,0,0,0,22,466,0
7C479F,0,0,0,0,67,0,0
7C47A4,0,0,0,0,38,0,24
7C4817,0,0,0,0,26,0,0
7C487C,0,0,0,29,87,0,0
7C4880,16,38,0,0,0,0,0
7C49BD,0,0,0,0,21,0,0
7C49DA,0,0,0,0,5,17,0
7C4A05,20,16,0,27,20,157,71
7C4A41,0,0,0,0,31,0,44
7C4A43,0,32,0,0,0,0,0
7C4A45,0,0,0,0,7,0,0
7C4A46,5,0,0,0,0,44,0
7C4A4F,62,43,0,0,2,38,38
7C4A51,0,0,0,25,0,0,0
7C4A53,23,33,0,0,0,0,0
7C4A54,0,9,0,0,0,0,0
7C4A56,0,1,0,52,127,24,17
7C4C65,0,0,0,33,0,0,0
7C4CD2,0,3,0,0,85,42,19
7C4D36,0,20,0,0,0,0,0
7C4DB7,0,711,0,0,1518,0,0
7C4E44,39,268,0,0,896,105,578
7C4F44,20,0,0,0,49,0,0
7C52F9,0,0,0,33,0,0,0
7C52FB,0,76,0,0,0,0,0
7C5305,17,0,0,0,41,0,56
7C530B,0,93,0,0,0,0,0
7C582C,48,251,36,84,685,97,74
7C5916,0,0,0,0,25,0,0
7C5950,0,0,0,66,0,0,0
7C5B70,0,0,0,0,24,0,0
7C5E4D,0,28,0,0,0,0,0
7C611F,0,0,0,0,16,0,0
7C61E6,0,336,0,0,0,0,0
7C6286,0,20,0,0,0,0,13
7C664D,0,8,0,0,0,1,30
7C6693,0,68,0,54,821,130,29
7C6781,0,0,0,0,26,0,0
7C67AE,0,0,0,0,113,0,0
7C67B7,0,3,0,48,56,58,28
7C67D0,0,1040,0,377,2051,418,154
7C67D3,115,1108,16,106,1310,426,245
7C67D7,0,0,0,43,324,0,0
7C68A5,0,0,0,37,0,0,0
7C68D4,0,0,0,0,21,41,0
7C6A5E,0,0,0,0,0,0,55
7C6A62,0,6,0,10,146,0,0
7C6ACA,0,25,0,0,0,0,40
7C6B07,0,0,8,0,0,0,0
7C6B0B,0,0,0,0,7,0,0
7C6B19,0,8,0,0,0,0,0
7C6B28,0,0,0,0,27,0,0
7C6B3B,0,0,0,0,8,0,0
7C6C18,630,421,0,431,1463,0,350
7C6C52,0,0,0,0,0,21,0
7C6C55,0,18,0,0,0,0,0
7C6C97,0,23,0,0,0,4,0
7C6D2A,15,0,0,0,0,0,0
7C6D30,0,0,0,0,0,0,17
7C6D31,0,0,0,0,17,0,0
7C6D32,0,0,0,0,0,0,16
7C6D37,0,1,0,0,31,0,0
7C6D4E,0,0,0,0,31,0,0
7C6D8C,0,0,0,0,0,0,13
7C6D8E,0,0,0,0,17,0,0
7C6D90,3,0,0,0,0,0,13
7C6D93,0,0,0,0,18,0,0
7C6D94,0,13,0,0,0,0,0
7C6D96,0,0,0,0,38,0,0
7C6D99,0,0,0,0,40,17,0
7C6D9B,0,0,0,27,0,0,0
7C6DB2,0,0,0,19,30,0,0
7C6DB6,0,0,0,0,67,33,17
7C6DB7,0,18,0,0,0,0,0
7C6DB8,0,65,0,0,0,0,0
7C6DB9,39,58,0,0,0,0,42
7C6DDB,0,0,0,0,0,0,9
7C6DDD,0,0,0,0,15,0,0
7C6DE3,0,0,0,0,35,0,0
7C6F86,0,0,0,0,110,0,0
7C711B,0,0,0,0,31,0,0
7C7144,56,931,419,0,1982,0,141
7C74AD,0,1,0,0,0,0,5
7C754B,0,60,0,0,0,0,0
7C75E4,0,0,0,0,26,0,0
7C761D,0,0,0,0,37,0,0
7C7701,0,0,0,18,40,0,0
7C776F,0,0,0,0,3,0,9
7C7770,0,0,0,1,62,0,0
7C7778,0,0,0,0,0,20,0
7C77DE,0,10,0,68,34,0,20
7C77FF,0,17,0,0,0,0,0
7C788F,0,0,0,3,7,19,0
7C79B4,38,1339,30,23,1527,0,0
7C7A3B,0,9,0,0,0,0,0
7C7A3D,0,18,0,0,0,0,7
7C7A3F,0,0,0,0,14,0,0
7C7A46,0,0,0,0,8,0,0
7C7A48,0,0,0,0,36,0,0
7C7AA5,0,11,0,0,0,0,0
7C7AA9,0,0,0,0,27,0,0
7C7AB6,0,16,0,0,0,0,0
7C7AEF,0,495,24,38,373,0,162
7C7AF0,31,354,20,55,922,124,70
7C7AF7,42,173,13,44,793,35,136
7C7AF8,0,215,0,70,344,35,14
7C7B55,0,410,25,83,630,53,441
7C7B56,0,673,28,24,439,45,98
7C7B5E,586,1077,174,30,28,86,331
7C7B5F,37,865,17,45,1014,67,603
7C7B60,0,711,41,61,1925,35,105
7C7B61,39,509,0,32,1211,109,8
7C7B64,0,0,0,253,777,51,78
7C7B65,0,315,0,709,1162,72,126
7C7BC6,0,0,0,0,0,14,0
7C7BC7,0,0,0,0,13,0,0
7C7BCC,0,23,0,0,0,0,0
7C7BCE,0,0,0,0,0,10,0
7C7BD9,0,36,0,805,1330,374,276
7C7C0A,0,12,0,0,0,152,0
7C7C2E,0,560,28,76,676,79,437
7C7C31,0,123,7,61,337,28,65
7C7C39,0,475,47,117,979,39,111
7C7C3E,253,758,32,272,591,450,29
7C7C41,21,272,1,527,788,49,52
7C7CF7,0,60,0,0,823,0,0
7C7F35,0,69,0,0,0,0,0
7C7FE6,15,25,0,0,58,52,0
7C8022,1,35,0,0,32,0,0
7C8032,15,0,0,0,82,0,17
7C80AE,0,36,0,0,0,0,0
7C80F6,0,16,0,0,0,0,21
7C80F8,0,0,0,0,28,0,0
7C810D,0,72,0,0,0,0,10
7C8131,0,0,0,0,36,0,0
7CACA9,0,8,0,0,0,0,0
7CAE4D,0,2,0,0,0,38,0
7CB05D,0,0,0,17,59,0,24
7CB063,0,105,0,0,0,0,0
7CB067,0,0,0,0,49,0,0
7CB0AB,0,0,0,0,499,37,0
7CF8ED,8,2,0,0,0,0,0
7CF9CE,0,0,0,0,7,0,0
7CFA97,0,0,0,1,9,0,5
89667B,0,0,0,0,0,0,13
89667C,0,18,0,0,0,0,0
89667D,0,0,0,0,26,0,0
89667E,0,0,0,0,7,0,0
89667F,0,0,0,0,29,0,0
8966FB,0,4,0,0,0,38,0
C842C7,0,19,0,0,0,0,0
