icao,records
06A062,24
06A19F,17
06A1BC,17
06A2B3,54
06A2B8,36
06A2C4,43
750579,74
750596,37
750599,33
7505BC,50
76CC63,24
76CC65,9
76CC6A,32
76CC6F,26
76CC70,26
76CC72,27
76CC75,13
76CC79,11
76CC81,9
76CC82,23
78198D,27
782282,13
7C0041,426
7C0074,3856
7C0077,2084
7C0106,424
7C0246,142
7C03F1,110
7C0402,18
7C040D,71
7C0433,44
7C0A5D,51
7C0AE7,32
7C0B96,190
7C0D65,2499
7C0FB0,31
7C1452,26
7C14F5,30
7C1687,1722
7C1689,820
7C168A,1107
7C168B,1866
7C168D,718
7C1697,1490
7C17B2,129
7C1B0F,11
7C1B2A,559
7C1B2B,10
7C1BDD,12
7C1C48,16
7C1C95,40
7C1C99,44
7C1CA5,62
7C2496,31
7C259E,107
7C25DA,41
7C2699,248
7C2709,31
7C2901,96
7C2913,61
7C293D,505
7C29D4,27
7C2BC5,10
7C2BEE,64
7C2BEF,36
7C2BF9,52
7C2D99,72
7C2E75,2857
7C2E7F,33
7C2EA4,35
7C2FFF,58
7C33F2,228
7C351B,14
7C3631,1510
7C38F8,44
7C3A00,75
7C3AA6,49
7C3CD4,57
7C3CE8,554
7C3FCB,106
7C41FD,3049
7C4209,34
7C42AE,241
7C444D,2668
7C44DA,24
7C4709,82
7C475B,20
7C4760,508
7C479F,67
7C47A4,62
7C4817,26
7C487C,116
7C4880,16
7C49BD,21
7C49DA,22
7C4A05,295
7C4A41,75
7C4A45,7
7C4A46,49
7C4A4F,140
7C4A51,25
7C4A53,23
7C4A56,220
7C4C65,33
7C4CD2,146
7C4DB7,1518
7C4E44,1618
7C4F44,69
7C52F9,33
7C5305,114
7C582C,1024
7C5916,25
7C5950,66
7C5B70,24
7C611F,16
7C6286,13
7C664D,31
7C6693,1034
7C6781,26
7C67AE,113
7C67B7,190
7C67D0,3000
7C67D3,2218
7C67D7,367
7C68A5,37
7C68D4,62
7C6A5E,55
7C6A62,156
7C6ACA,40
7C6B07,8
7C6B0B,7
7C6B28,27
7C6B3B,8
7C6C18,2874
7C6C52,21
7C6D2A,15
7C6D30,17
7C6D31,17
7C6D32,16
7C6D37,31
7C6D4E,31
7C6D8C,13
7C6D8E,17
7C6D90,16
7C6D93,18
7C6D96,38
7C6D99,57
7C6D9B,27
7C6DB2,49
7C6DB6,117
7C6DB9,81
7C6DDB,9
7C6DDD,15
7C6DE3,35
7C6F86,110
7C711B,31
7C7144,2598
7C75E4,26
7C761D,37
7C7701,58
7C776F,12
7C7770,63
7C7778,20
7C77DE,122
7C788F,29
7C79B4,1618
7C7A3D,7
7C7A3F,14
7C7A46,8
7C7A48,36
7C7AA9,27
7C7AEF,597
7C7AF0,1222
7C7AF7,1063
7C7AF8,463
7C7B55,1232
7C7B56,634
7C7B5E,1235
7C7B5F,1783
7C7B60,2167
7C7B61,1399
7C7B64,1159
7C7B65,2069
7C7BC6,14
7C7BC7,13
7C7BCE,10
7C7BD9,2785
7C7C0A,152
7C7C2E,1296
7C7C31,498
7C7C39,1293
7C7C3E,1627
7C7C41,1438
7C7CF7,823
7C7FE6,125
7C8022,33
7C8032,114
7C80F6,21
7C80F8,28
7C810D,10
7C8131,36
7CAE4D,38
7CB05D,100
7CB067,49
7CB0AB,536
7CF8ED,8
7CF9CE,7
7CFA97,15
89667B,13
89667D,26
89667E,7
89667F,29
8966FB,38
