capture_file,capture_day,total_records,crc_valid_records
011026_ML.npy,2026-10-01,4218,4218
011026_ML.npy,2026-10-02,471,471
230926_ML_2.npy,2026-08-26,298,298
230926_ML_2.npy,2026-09-23,1039,1039
230926_ML_3.npy,2026-09-23,8494,8494
230926_ML_3.npy,2026-09-24,57,57
240926_ML.npy,2026-09-24,17365,17365
240926_ML.npy,2026-09-25,16828,16828
240926_ML.npy,2026-09-26,4996,4996
240926_ML.npy,2026-09-27,4736,4736
240926_ML.npy,2026-09-28,6073,6073
280926_ML.npy,2026-09-28,4038,4038
280926_ML.npy,2026-09-29,3326,3326
290926_ML.npy,2026-09-29,2519,2519
290926_ML.npy,2026-09-30,6219,6219
290926_ML.npy,2026-10-01,53,53
