experiment,aircraft_group,classes,records,accuracy,balanced_accuracy,macro_f1
physical_feature_svm,multiple days,109,77321,0.07283920280389544,0.07614777313075341,0.03397569583359004
physical_feature_svm,one day,104,3348,0.05137395459976105,0.03903986950046781,0.0272854137371649
physical_feature_random_forest,multiple days,109,77321,0.11800157783784483,0.057222851020433674,0.03008701559760108
physical_feature_random_forest,one day,104,3348,0.017025089605734768,0.016697319163468935,0.011741283357829127
preamble_cnn,multiple days,109,77321,0.05389221556886228,0.07081046324883274,0.01859702131295713
preamble_cnn,one day,104,3348,0.08542413381123058,0.08082763964363836,0.041728079916921276
preamble_tcn,multiple days,109,77321,0.01092846704000207,0.021150269940008876,0.006025697815796951
preamble_tcn,one day,104,3348,0.06481481481481481,0.04734649135349482,0.021817004397279925
preamble_gru_rnn,multiple days,109,77321,0.047011807917642034,0.061311997923402,0.0222312599139524
preamble_gru_rnn,one day,104,3348,0.07526881720430108,0.06780227132026127,0.03794924377535736
