experiment,icao,records,days,recall
physical_feature_svm,06A062,24,1,0.0
physical_feature_svm,06A19F,17,1,0.0
physical_feature_svm,06A1BC,17,1,0.0
physical_feature_svm,06A2B3,54,2,0.037037037037037035
physical_feature_svm,06A2B8,36,1,0.027777777777777776
physical_feature_svm,06A2C4,43,2,0.11627906976744186
physical_feature_svm,750579,74,3,0.05405405405405406
physical_feature_svm,750596,37,1,0.05405405405405406
physical_feature_svm,750599,33,1,0.09090909090909091
physical_feature_svm,7505BC,50,1,0.04
physical_feature_svm,76CC63,24,1,0.0
physical_feature_svm,76CC65,9,1,0.0
physical_feature_svm,76CC6A,32,1,0.0
physical_feature_svm,76CC6F,26,1,0.038461538461538464
physical_feature_svm,76CC70,26,1,0.0
physical_feature_svm,76CC72,27,1,0.07407407407407407
physical_feature_svm,76CC75,13,1,0.0
physical_feature_svm,76CC79,11,1,0.0
physical_feature_svm,76CC81,9,1,0.0
physical_feature_svm,76CC82,23,1,0.0
physical_feature_svm,78198D,27,1,0.0
physical_feature_svm,782282,13,1,0.0
physical_feature_svm,7C0041,426,5,0.12441314553990611
physical_feature_svm,7C0074,3856,7,0.0025933609958506223
physical_feature_svm,7C0077,2084,10,0.0033589251439539347
physical_feature_svm,7C0106,424,3,0.15330188679245282
physical_feature_svm,7C0246,142,2,0.056338028169014086
physical_feature_svm,7C03F1,110,5,0.19090909090909092
physical_feature_svm,7C0402,18,4,0.1111111111111111
physical_feature_svm,7C040D,71,3,0.056338028169014086
physical_feature_svm,7C0433,44,1,0.022727272727272728
physical_feature_svm,7C0A5D,51,1,0.27450980392156865
physical_feature_svm,7C0AE7,32,1,0.03125
physical_feature_svm,7C0B96,190,1,0.05789473684210526
physical_feature_svm,7C0D65,2499,8,0.008403361344537815
physical_feature_svm,7C0FB0,31,1,0.12903225806451613
physical_feature_svm,7C1452,26,1,0.0
physical_feature_svm,7C14F5,30,1,0.03333333333333333
physical_feature_svm,7C1687,1722,8,0.13937282229965156
physical_feature_svm,7C1689,820,5,0.046341463414634146
physical_feature_svm,7C168A,1107,5,0.0948509485094851
physical_feature_svm,7C168B,1866,10,0.012861736334405145
physical_feature_svm,7C168D,718,7,0.036211699164345405
physical_feature_svm,7C1697,1490,7,0.138255033557047
physical_feature_svm,7C17B2,129,2,0.09302325581395349
physical_feature_svm,7C1B0F,11,1,0.0
physical_feature_svm,7C1B2A,559,9,0.03220035778175313
physical_feature_svm,7C1B2B,10,1,0.0
physical_feature_svm,7C1BDD,12,2,0.0
physical_feature_svm,7C1C48,16,1,0.0
physical_feature_svm,7C1C95,40,1,0.05
physical_feature_svm,7C1C99,44,2,0.022727272727272728
physical_feature_svm,7C1CA5,62,5,0.016129032258064516
physical_feature_svm,7C2496,31,1,0.6129032258064516
physical_feature_svm,7C259E,107,3,0.037383177570093455
physical_feature_svm,7C25DA,41,2,0.0
physical_feature_svm,7C2699,248,4,0.04838709677419355
physical_feature_svm,7C2709,31,1,0.03225806451612903
physical_feature_svm,7C2901,96,1,0.041666666666666664
physical_feature_svm,7C2913,61,1,0.01639344262295082
physical_feature_svm,7C293D,505,4,0.13663366336633664
physical_feature_svm,7C29D4,27,1,0.0
physical_feature_svm,7C2BC5,10,1,0.0
physical_feature_svm,7C2BEE,64,5,0.0625
physical_feature_svm,7C2BEF,36,3,0.0
physical_feature_svm,7C2BF9,52,3,0.019230769230769232
physical_feature_svm,7C2D99,72,2,0.041666666666666664
physical_feature_svm,7C2E75,2857,8,0.022051102555127756
physical_feature_svm,7C2E7F,33,1,0.09090909090909091
physical_feature_svm,7C2EA4,35,1,0.02857142857142857
physical_feature_svm,7C2FFF,58,2,0.017241379310344827
physical_feature_svm,7C33F2,228,1,0.02631578947368421
physical_feature_svm,7C351B,14,1,0.0
physical_feature_svm,7C3631,1510,5,0.2152317880794702
physical_feature_svm,7C38F8,44,2,0.0
physical_feature_svm,7C3A00,75,3,0.04
physical_feature_svm,7C3AA6,49,1,0.0
physical_feature_svm,7C3CD4,57,1,0.0
physical_feature_svm,7C3CE8,554,4,0.01444043321299639
physical_feature_svm,7C3FCB,106,4,0.018867924528301886
physical_feature_svm,7C41FD,3049,8,0.008199409642505739
physical_feature_svm,7C4209,34,1,0.058823529411764705
physical_feature_svm,7C42AE,241,2,0.03319502074688797
physical_feature_svm,7C444D,2668,10,0.8242128935532234
physical_feature_svm,7C44DA,24,1,0.041666666666666664
physical_feature_svm,7C4709,82,2,0.012195121951219513
physical_feature_svm,7C475B,20,1,0.0
physical_feature_svm,7C4760,508,4,0.1515748031496063
physical_feature_svm,7C479F,67,2,0.23880597014925373
physical_feature_svm,7C47A4,62,2,0.14516129032258066
physical_feature_svm,7C4817,26,2,0.0
physical_feature_svm,7C487C,116,3,0.1724137931034483
physical_feature_svm,7C4880,16,1,0.25
physical_feature_svm,7C49BD,21,1,0.047619047619047616
physical_feature_svm,7C49DA,22,2,0.0
physical_feature_svm,7C4A05,295,5,0.06779661016949153
physical_feature_svm,7C4A41,75,3,0.0
physical_feature_svm,7C4A45,7,1,0.0
physical_feature_svm,7C4A46,49,2,0.061224489795918366
physical_feature_svm,7C4A4F,140,4,0.2714285714285714
physical_feature_svm,7C4A51,25,1,0.0
physical_feature_svm,7C4A53,23,1,0.17391304347826086
physical_feature_svm,7C4A56,220,7,0.33636363636363636
physical_feature_svm,7C4C65,33,1,0.030303030303030304
physical_feature_svm,7C4CD2,146,4,0.5205479452054794
physical_feature_svm,7C4DB7,1518,4,0.021739130434782608
physical_feature_svm,7C4E44,1618,7,0.021013597033374538
physical_feature_svm,7C4F44,69,2,0.057971014492753624
physical_feature_svm,7C52F9,33,1,0.0
physical_feature_svm,7C5305,114,4,0.06140350877192982
physical_feature_svm,7C582C,1024,9,0.015625
physical_feature_svm,7C5916,25,1,0.04
physical_feature_svm,7C5950,66,1,0.030303030303030304
physical_feature_svm,7C5B70,24,1,0.0
physical_feature_svm,7C611F,16,1,0.0
physical_feature_svm,7C6286,13,1,0.0
physical_feature_svm,7C664D,31,2,0.03225806451612903
physical_feature_svm,7C6693,1034,8,0.11121856866537717
physical_feature_svm,7C6781,26,1,0.6153846153846154
physical_feature_svm,7C67AE,113,1,0.035398230088495575
physical_feature_svm,7C67B7,190,4,0.1631578947368421
physical_feature_svm,7C67D0,3000,8,0.0013333333333333333
physical_feature_svm,7C67D3,2218,10,0.016681695220919748
physical_feature_svm,7C67D7,367,2,0.02997275204359673
physical_feature_svm,7C68A5,37,1,0.05405405405405406
physical_feature_svm,7C68D4,62,3,0.3709677419354839
physical_feature_svm,7C6A5E,55,1,0.03636363636363636
physical_feature_svm,7C6A62,156,3,0.03205128205128205
physical_feature_svm,7C6ACA,40,1,0.05
physical_feature_svm,7C6B07,8,1,0.0
physical_feature_svm,7C6B0B,7,1,0.0
physical_feature_svm,7C6B28,27,1,0.1111111111111111
physical_feature_svm,7C6B3B,8,2,0.0
physical_feature_svm,7C6C18,2874,7,0.003827418232428671
physical_feature_svm,7C6C52,21,1,0.0
physical_feature_svm,7C6D2A,15,1,0.0
physical_feature_svm,7C6D30,17,1,0.0
physical_feature_svm,7C6D31,17,1,0.0
physical_feature_svm,7C6D32,16,1,0.0
physical_feature_svm,7C6D37,31,2,0.0
physical_feature_svm,7C6D4E,31,1,0.0
physical_feature_svm,7C6D8C,13,1,0.0
physical_feature_svm,7C6D8E,17,1,0.0
physical_feature_svm,7C6D90,16,2,0.125
physical_feature_svm,7C6D93,18,1,0.0
physical_feature_svm,7C6D96,38,1,0.02631578947368421
physical_feature_svm,7C6D99,57,2,0.03508771929824561
physical_feature_svm,7C6D9B,27,1,0.18518518518518517
physical_feature_svm,7C6DB2,49,2,0.0
physical_feature_svm,7C6DB6,117,4,0.19658119658119658
physical_feature_svm,7C6DB9,81,3,0.012345679012345678
physical_feature_svm,7C6DDB,9,1,0.0
physical_feature_svm,7C6DDD,15,1,0.0
physical_feature_svm,7C6DE3,35,1,0.02857142857142857
physical_feature_svm,7C6F86,110,1,0.03636363636363636
physical_feature_svm,7C711B,31,1,0.0
physical_feature_svm,7C7144,2598,8,0.0026943802925327174
physical_feature_svm,7C75E4,26,1,0.19230769230769232
physical_feature_svm,7C761D,37,1,0.0
physical_feature_svm,7C7701,58,2,0.25862068965517243
physical_feature_svm,7C776F,12,2,0.0
physical_feature_svm,7C7770,63,3,0.015873015873015872
physical_feature_svm,7C7778,20,2,0.0
physical_feature_svm,7C77DE,122,5,0.02459016393442623
physical_feature_svm,7C788F,29,3,0.20689655172413793
physical_feature_svm,7C79B4,1618,7,0.027194066749072928
physical_feature_svm,7C7A3D,7,1,0.0
physical_feature_svm,7C7A3F,14,1,0.0
physical_feature_svm,7C7A46,8,1,0.0
physical_feature_svm,7C7A48,36,2,0.0
physical_feature_svm,7C7AA9,27,1,0.0
physical_feature_svm,7C7AEF,597,4,0.09045226130653267
physical_feature_svm,7C7AF0,1222,9,0.13829787234042554
physical_feature_svm,7C7AF7,1063,10,0.20978363123236124
physical_feature_svm,7C7AF8,463,8,0.3326133909287257
physical_feature_svm,7C7B55,1232,6,0.01948051948051948
physical_feature_svm,7C7B56,634,9,0.04574132492113565
physical_feature_svm,7C7B5E,1235,7,0.06396761133603239
physical_feature_svm,7C7B5F,1783,8,0.0358945597307908
physical_feature_svm,7C7B60,2167,8,0.03784033225657591
physical_feature_svm,7C7B61,1399,8,0.02644746247319514
physical_feature_svm,7C7B64,1159,6,0.04055220017256255
physical_feature_svm,7C7B65,2069,8,0.07539874335427743
physical_feature_svm,7C7BC6,14,1,0.0
physical_feature_svm,7C7BC7,13,1,0.0
physical_feature_svm,7C7BCE,10,1,0.0
physical_feature_svm,7C7BD9,2785,7,0.004308797127468581
physical_feature_svm,7C7C0A,152,1,0.19078947368421054
physical_feature_svm,7C7C2E,1296,9,0.016975308641975308
physical_feature_svm,7C7C31,498,9,0.012048192771084338
physical_feature_svm,7C7C39,1293,9,0.015467904098994586
physical_feature_svm,7C7C3E,1627,10,0.014136447449293177
physical_feature_svm,7C7C41,1438,7,0.006258692628650904
physical_feature_svm,7C7CF7,823,5,0.019441069258809233
physical_feature_svm,7C7FE6,125,4,0.12
physical_feature_svm,7C8022,33,2,0.0
physical_feature_svm,7C8032,114,3,0.02631578947368421
physical_feature_svm,7C80F6,21,1,0.0
physical_feature_svm,7C80F8,28,1,0.0
physical_feature_svm,7C810D,10,1,0.0
physical_feature_svm,7C8131,36,1,0.0
physical_feature_svm,7CAE4D,38,1,0.0
physical_feature_svm,7CB05D,100,4,0.01
physical_feature_svm,7CB067,49,1,0.0
physical_feature_svm,7CB0AB,536,4,0.03171641791044776
physical_feature_svm,7CF8ED,8,1,0.0
physical_feature_svm,7CF9CE,7,1,0.0
physical_feature_svm,7CFA97,15,5,0.0
physical_feature_svm,89667B,13,1,0.0
physical_feature_svm,89667D,26,1,0.0
physical_feature_svm,89667E,7,1,0.0
physical_feature_svm,89667F,29,1,0.0
physical_feature_svm,8966FB,38,1,0.05263157894736842
physical_feature_random_forest,06A062,24,1,0.0
physical_feature_random_forest,06A19F,17,1,0.0
physical_feature_random_forest,06A1BC,17,1,0.0
physical_feature_random_forest,06A2B3,54,2,0.0
physical_feature_random_forest,06A2B8,36,1,0.0
physical_feature_random_forest,06A2C4,43,2,0.023255813953488372
physical_feature_random_forest,750579,74,3,0.0
physical_feature_random_forest,750596,37,1,0.0
physical_feature_random_forest,750599,33,1,0.030303030303030304
physical_feature_random_forest,7505BC,50,1,0.0
physical_feature_random_forest,76CC63,24,1,0.0
physical_feature_random_forest,76CC65,9,1,0.0
physical_feature_random_forest,76CC6A,32,1,0.0
physical_feature_random_forest,76CC6F,26,1,0.0
physical_feature_random_forest,76CC70,26,1,0.0
physical_feature_random_forest,76CC72,27,1,0.0
physical_feature_random_forest,76CC75,13,1,0.0
physical_feature_random_forest,76CC79,11,1,0.0
physical_feature_random_forest,76CC81,9,1,0.0
physical_feature_random_forest,76CC82,23,1,0.0
physical_feature_random_forest,78198D,27,1,0.037037037037037035
physical_feature_random_forest,782282,13,1,0.0
physical_feature_random_forest,7C0041,426,5,0.023474178403755867
physical_feature_random_forest,7C0074,3856,7,0.08687759336099585
physical_feature_random_forest,7C0077,2084,10,0.041746641074856046
physical_feature_random_forest,7C0106,424,3,0.018867924528301886
physical_feature_random_forest,7C0246,142,2,0.0
physical_feature_random_forest,7C03F1,110,5,0.02727272727272727
physical_feature_random_forest,7C0402,18,4,0.0
physical_feature_random_forest,7C040D,71,3,0.0
physical_feature_random_forest,7C0433,44,1,0.0
physical_feature_random_forest,7C0A5D,51,1,0.0
physical_feature_random_forest,7C0AE7,32,1,0.0
physical_feature_random_forest,7C0B96,190,1,0.0
physical_feature_random_forest,7C0D65,2499,8,0.061224489795918366
physical_feature_random_forest,7C0FB0,31,1,0.0
physical_feature_random_forest,7C1452,26,1,0.0
physical_feature_random_forest,7C14F5,30,1,0.0
physical_feature_random_forest,7C1687,1722,8,0.22473867595818817
physical_feature_random_forest,7C1689,820,5,0.01097560975609756
physical_feature_random_forest,7C168A,1107,5,0.08943089430894309
physical_feature_random_forest,7C168B,1866,10,0.10932475884244373
physical_feature_random_forest,7C168D,718,7,0.006963788300835654
physical_feature_random_forest,7C1697,1490,7,0.2295302013422819
physical_feature_random_forest,7C17B2,129,2,0.023255813953488372
physical_feature_random_forest,7C1B0F,11,1,0.0
physical_feature_random_forest,7C1B2A,559,9,0.012522361359570662
physical_feature_random_forest,7C1B2B,10,1,0.0
physical_feature_random_forest,7C1BDD,12,2,0.0
physical_feature_random_forest,7C1C48,16,1,0.0
physical_feature_random_forest,7C1C95,40,1,0.0
physical_feature_random_forest,7C1C99,44,2,0.0
physical_feature_random_forest,7C1CA5,62,5,0.0
physical_feature_random_forest,7C2496,31,1,0.3548387096774194
physical_feature_random_forest,7C259E,107,3,0.009345794392523364
physical_feature_random_forest,7C25DA,41,2,0.0
physical_feature_random_forest,7C2699,248,4,0.0
physical_feature_random_forest,7C2709,31,1,0.0
physical_feature_random_forest,7C2901,96,1,0.0
physical_feature_random_forest,7C2913,61,1,0.0
physical_feature_random_forest,7C293D,505,4,0.031683168316831684
physical_feature_random_forest,7C29D4,27,1,0.0
physical_feature_random_forest,7C2BC5,10,1,0.0
physical_feature_random_forest,7C2BEE,64,5,0.0
physical_feature_random_forest,7C2BEF,36,3,0.0
physical_feature_random_forest,7C2BF9,52,3,0.0
physical_feature_random_forest,7C2D99,72,2,0.0
physical_feature_random_forest,7C2E75,2857,8,0.10780539026951348
physical_feature_random_forest,7C2E7F,33,1,0.0
physical_feature_random_forest,7C2EA4,35,1,0.0
physical_feature_random_forest,7C2FFF,58,2,0.0
physical_feature_random_forest,7C33F2,228,1,0.0
physical_feature_random_forest,7C351B,14,1,0.0
physical_feature_random_forest,7C3631,1510,5,0.4251655629139073
physical_feature_random_forest,7C38F8,44,2,0.0
physical_feature_random_forest,7C3A00,75,3,0.013333333333333334
physical_feature_random_forest,7C3AA6,49,1,0.0
physical_feature_random_forest,7C3CD4,57,1,0.0
physical_feature_random_forest,7C3CE8,554,4,0.01263537906137184
physical_feature_random_forest,7C3FCB,106,4,0.0
physical_feature_random_forest,7C41FD,3049,8,0.06461134798294522
physical_feature_random_forest,7C4209,34,1,0.058823529411764705
physical_feature_random_forest,7C42AE,241,2,0.004149377593360996
physical_feature_random_forest,7C444D,2668,10,0.992503748125937
physical_feature_random_forest,7C44DA,24,1,0.0
physical_feature_random_forest,7C4709,82,2,0.0
physical_feature_random_forest,7C475B,20,1,0.0
physical_feature_random_forest,7C4760,508,4,0.03543307086614173
physical_feature_random_forest,7C479F,67,2,0.05970149253731343
physical_feature_random_forest,7C47A4,62,2,0.0
physical_feature_random_forest,7C4817,26,2,0.0
physical_feature_random_forest,7C487C,116,3,0.0
physical_feature_random_forest,7C4880,16,1,0.0
physical_feature_random_forest,7C49BD,21,1,0.0
physical_feature_random_forest,7C49DA,22,2,0.0
physical_feature_random_forest,7C4A05,295,5,0.006779661016949152
physical_feature_random_forest,7C4A41,75,3,0.0
physical_feature_random_forest,7C4A45,7,1,0.0
physical_feature_random_forest,7C4A46,49,2,0.02040816326530612
physical_feature_random_forest,7C4A4F,140,4,0.05714285714285714
physical_feature_random_forest,7C4A51,25,1,0.04
physical_feature_random_forest,7C4A53,23,1,0.0
physical_feature_random_forest,7C4A56,220,7,0.05909090909090909
physical_feature_random_forest,7C4C65,33,1,0.0
physical_feature_random_forest,7C4CD2,146,4,0.2054794520547945
physical_feature_random_forest,7C4DB7,1518,4,0.06126482213438735
physical_feature_random_forest,7C4E44,1618,7,0.051297898640296664
physical_feature_random_forest,7C4F44,69,2,0.0
physical_feature_random_forest,7C52F9,33,1,0.0
physical_feature_random_forest,7C5305,114,4,0.0
physical_feature_random_forest,7C582C,1024,9,0.017578125
physical_feature_random_forest,7C5916,25,1,0.0
physical_feature_random_forest,7C5950,66,1,0.015151515151515152
physical_feature_random_forest,7C5B70,24,1,0.0
physical_feature_random_forest,7C611F,16,1,0.0
physical_feature_random_forest,7C6286,13,1,0.0
physical_feature_random_forest,7C664D,31,2,0.0
physical_feature_random_forest,7C6693,1034,8,0.1276595744680851
physical_feature_random_forest,7C6781,26,1,0.8461538461538461
physical_feature_random_forest,7C67AE,113,1,0.0
physical_feature_random_forest,7C67B7,190,4,0.015789473684210527
physical_feature_random_forest,7C67D0,3000,8,0.067
physical_feature_random_forest,7C67D3,2218,10,0.08656447249774572
physical_feature_random_forest,7C67D7,367,2,0.008174386920980926
physical_feature_random_forest,7C68A5,37,1,0.0
physical_feature_random_forest,7C68D4,62,3,0.24193548387096775
physical_feature_random_forest,7C6A5E,55,1,0.0
physical_feature_random_forest,7C6A62,156,3,0.01282051282051282
physical_feature_random_forest,7C6ACA,40,1,0.0
physical_feature_random_forest,7C6B07,8,1,0.0
physical_feature_random_forest,7C6B0B,7,1,0.0
physical_feature_random_forest,7C6B28,27,1,0.037037037037037035
physical_feature_random_forest,7C6B3B,8,2,0.0
physical_feature_random_forest,7C6C18,2874,7,0.061586638830897704
physical_feature_random_forest,7C6C52,21,1,0.0
physical_feature_random_forest,7C6D2A,15,1,0.0
physical_feature_random_forest,7C6D30,17,1,0.0
physical_feature_random_forest,7C6D31,17,1,0.0
physical_feature_random_forest,7C6D32,16,1,0.0
physical_feature_random_forest,7C6D37,31,2,0.0
physical_feature_random_forest,7C6D4E,31,1,0.0
physical_feature_random_forest,7C6D8C,13,1,0.0
physical_feature_random_forest,7C6D8E,17,1,0.0
physical_feature_random_forest,7C6D90,16,2,0.0625
physical_feature_random_forest,7C6D93,18,1,0.0
physical_feature_random_forest,7C6D96,38,1,0.0
physical_feature_random_forest,7C6D99,57,2,0.0
physical_feature_random_forest,7C6D9B,27,1,0.07407407407407407
physical_feature_random_forest,7C6DB2,49,2,0.0
physical_feature_random_forest,7C6DB6,117,4,0.23931623931623933
physical_feature_random_forest,7C6DB9,81,3,0.0
physical_feature_random_forest,7C6DDB,9,1,0.0
physical_feature_random_forest,7C6DDD,15,1,0.0
physical_feature_random_forest,7C6DE3,35,1,0.0
physical_feature_random_forest,7C6F86,110,1,0.0
physical_feature_random_forest,7C711B,31,1,0.0
physical_feature_random_forest,7C7144,2598,8,0.0731331793687452
physical_feature_random_forest,7C75E4,26,1,0.07692307692307693
physical_feature_random_forest,7C761D,37,1,0.0
physical_feature_random_forest,7C7701,58,2,0.22413793103448276
physical_feature_random_forest,7C776F,12,2,0.0
physical_feature_random_forest,7C7770,63,3,0.0
physical_feature_random_forest,7C7778,20,2,0.0
physical_feature_random_forest,7C77DE,122,5,0.0
physical_feature_random_forest,7C788F,29,3,0.0
physical_feature_random_forest,7C79B4,1618,7,0.09332509270704574
physical_feature_random_forest,7C7A3D,7,1,0.0
physical_feature_random_forest,7C7A3F,14,1,0.0
physical_feature_random_forest,7C7A46,8,1,0.0
physical_feature_random_forest,7C7A48,36,2,0.0
physical_feature_random_forest,7C7AA9,27,1,0.07407407407407407
physical_feature_random_forest,7C7AEF,597,4,0.03685092127303183
physical_feature_random_forest,7C7AF0,1222,9,0.11374795417348608
physical_feature_random_forest,7C7AF7,1063,10,0.17968015051740358
physical_feature_random_forest,7C7AF8,463,8,0.13390928725701945
physical_feature_random_forest,7C7B55,1232,6,0.04301948051948052
physical_feature_random_forest,7C7B56,634,9,0.04100946372239748
physical_feature_random_forest,7C7B5E,1235,7,0.08016194331983806
physical_feature_random_forest,7C7B5F,1783,8,0.1783510936623668
physical_feature_random_forest,7C7B60,2167,8,0.12921089063221042
physical_feature_random_forest,7C7B61,1399,8,0.06004288777698356
physical_feature_random_forest,7C7B64,1159,6,0.055220017256255395
physical_feature_random_forest,7C7B65,2069,8,0.2305461575640406
physical_feature_random_forest,7C7BC6,14,1,0.0
physical_feature_random_forest,7C7BC7,13,1,0.0
physical_feature_random_forest,7C7BCE,10,1,0.0
physical_feature_random_forest,7C7BD9,2785,7,0.07145421903052064
physical_feature_random_forest,7C7C0A,152,1,0.06578947368421052
physical_feature_random_forest,7C7C2E,1296,9,0.031635802469135804
physical_feature_random_forest,7C7C31,498,9,0.008032128514056224
physical_feature_random_forest,7C7C39,1293,9,0.0448569218870843
physical_feature_random_forest,7C7C3E,1627,10,0.04240934234787953
physical_feature_random_forest,7C7C41,1438,7,0.02642559109874826
physical_feature_random_forest,7C7CF7,823,5,0.027946537059538274
physical_feature_random_forest,7C7FE6,125,4,0.144
physical_feature_random_forest,7C8022,33,2,0.0
physical_feature_random_forest,7C8032,114,3,0.008771929824561403
physical_feature_random_forest,7C80F6,21,1,0.0
physical_feature_random_forest,7C80F8,28,1,0.0
physical_feature_random_forest,7C810D,10,1,0.0
physical_feature_random_forest,7C8131,36,1,0.0
physical_feature_random_forest,7CAE4D,38,1,0.0
physical_feature_random_forest,7CB05D,100,4,0.0
physical_feature_random_forest,7CB067,49,1,0.0
physical_feature_random_forest,7CB0AB,536,4,0.011194029850746268
physical_feature_random_forest,7CF8ED,8,1,0.0
physical_feature_random_forest,7CF9CE,7,1,0.0
physical_feature_random_forest,7CFA97,15,5,0.0
physical_feature_random_forest,89667B,13,1,0.0
physical_feature_random_forest,89667D,26,1,0.0
physical_feature_random_forest,89667E,7,1,0.0
physical_feature_random_forest,89667F,29,1,0.0
physical_feature_random_forest,8966FB,38,1,0.02631578947368421
preamble_cnn,06A062,24,1,0.0
preamble_cnn,06A19F,17,1,0.0
preamble_cnn,06A1BC,17,1,0.0
preamble_cnn,06A2B3,54,2,0.05555555555555555
preamble_cnn,06A2B8,36,1,0.1388888888888889
preamble_cnn,06A2C4,43,2,0.06976744186046512
preamble_cnn,750579,74,3,0.02702702702702703
preamble_cnn,750596,37,1,0.0
preamble_cnn,750599,33,1,0.21212121212121213
preamble_cnn,7505BC,50,1,0.0
preamble_cnn,76CC63,24,1,0.125
preamble_cnn,76CC65,9,1,0.0
preamble_cnn,76CC6A,32,1,0.03125
preamble_cnn,76CC6F,26,1,0.0
preamble_cnn,76CC70,26,1,0.07692307692307693
preamble_cnn,76CC72,27,1,0.14814814814814814
preamble_cnn,76CC75,13,1,0.0
preamble_cnn,76CC79,11,1,0.0
preamble_cnn,76CC81,9,1,0.0
preamble_cnn,76CC82,23,1,0.0
preamble_cnn,78198D,27,1,0.14814814814814814
preamble_cnn,782282,13,1,0.0
preamble_cnn,7C0041,426,5,0.011737089201877934
preamble_cnn,7C0074,3856,7,0.0
preamble_cnn,7C0077,2084,10,0.0
preamble_cnn,7C0106,424,3,0.018867924528301886
preamble_cnn,7C0246,142,2,0.09154929577464789
preamble_cnn,7C03F1,110,5,0.33636363636363636
preamble_cnn,7C0402,18,4,0.3333333333333333
preamble_cnn,7C040D,71,3,0.0
preamble_cnn,7C0433,44,1,0.09090909090909091
preamble_cnn,7C0A5D,51,1,0.43137254901960786
preamble_cnn,7C0AE7,32,1,0.0
preamble_cnn,7C0B96,190,1,0.04736842105263158
preamble_cnn,7C0D65,2499,8,0.003601440576230492
preamble_cnn,7C0FB0,31,1,0.1935483870967742
preamble_cnn,7C1452,26,1,0.0
preamble_cnn,7C14F5,30,1,0.16666666666666666
preamble_cnn,7C1687,1722,8,0.010452961672473868
preamble_cnn,7C1689,820,5,0.012195121951219513
preamble_cnn,7C168A,1107,5,0.04155374887082204
preamble_cnn,7C168B,1866,10,0.006966773847802787
preamble_cnn,7C168D,718,7,0.001392757660167131
preamble_cnn,7C1697,1490,7,0.07248322147651007
preamble_cnn,7C17B2,129,2,0.023255813953488372
preamble_cnn,7C1B0F,11,1,0.09090909090909091
preamble_cnn,7C1B2A,559,9,0.0017889087656529517
preamble_cnn,7C1B2B,10,1,0.0
preamble_cnn,7C1BDD,12,2,0.0
preamble_cnn,7C1C48,16,1,0.0625
preamble_cnn,7C1C95,40,1,0.0
preamble_cnn,7C1C99,44,2,0.0
preamble_cnn,7C1CA5,62,5,0.0
preamble_cnn,7C2496,31,1,0.9032258064516129
preamble_cnn,7C259E,107,3,0.018691588785046728
preamble_cnn,7C25DA,41,2,0.07317073170731707
preamble_cnn,7C2699,248,4,0.17338709677419356
preamble_cnn,7C2709,31,1,0.03225806451612903
preamble_cnn,7C2901,96,1,0.010416666666666666
preamble_cnn,7C2913,61,1,0.03278688524590164
preamble_cnn,7C293D,505,4,0.18613861386138614
preamble_cnn,7C29D4,27,1,0.18518518518518517
preamble_cnn,7C2BC5,10,1,0.1
preamble_cnn,7C2BEE,64,5,0.046875
preamble_cnn,7C2BEF,36,3,0.08333333333333333
preamble_cnn,7C2BF9,52,3,0.0
preamble_cnn,7C2D99,72,2,0.0
preamble_cnn,7C2E75,2857,8,0.0010500525026251313
preamble_cnn,7C2E7F,33,1,0.24242424242424243
preamble_cnn,7C2EA4,35,1,0.08571428571428572
preamble_cnn,7C2FFF,58,2,0.0
preamble_cnn,7C33F2,228,1,0.017543859649122806
preamble_cnn,7C351B,14,1,0.0
preamble_cnn,7C3631,1510,5,0.15033112582781458
preamble_cnn,7C38F8,44,2,0.0
preamble_cnn,7C3A00,75,3,0.013333333333333334
preamble_cnn,7C3AA6,49,1,0.0
preamble_cnn,7C3CD4,57,1,0.03508771929824561
preamble_cnn,7C3CE8,554,4,0.0
preamble_cnn,7C3FCB,106,4,0.04716981132075472
preamble_cnn,7C41FD,3049,8,0.00032797638570022957
preamble_cnn,7C4209,34,1,0.17647058823529413
preamble_cnn,7C42AE,241,2,0.029045643153526972
preamble_cnn,7C444D,2668,10,0.8950524737631185
preamble_cnn,7C44DA,24,1,0.0
preamble_cnn,7C4709,82,2,0.036585365853658534
preamble_cnn,7C475B,20,1,0.0
preamble_cnn,7C4760,508,4,0.11023622047244094
preamble_cnn,7C479F,67,2,0.07462686567164178
preamble_cnn,7C47A4,62,2,0.3870967741935484
preamble_cnn,7C4817,26,2,0.0
preamble_cnn,7C487C,116,3,0.0603448275862069
preamble_cnn,7C4880,16,1,0.1875
preamble_cnn,7C49BD,21,1,0.14285714285714285
preamble_cnn,7C49DA,22,2,0.0
preamble_cnn,7C4A05,295,5,0.05084745762711865
preamble_cnn,7C4A41,75,3,0.02666666666666667
preamble_cnn,7C4A45,7,1,0.0
preamble_cnn,7C4A46,49,2,0.04081632653061224
preamble_cnn,7C4A4F,140,4,0.16428571428571428
preamble_cnn,7C4A51,25,1,0.12
preamble_cnn,7C4A53,23,1,0.08695652173913043
preamble_cnn,7C4A56,220,7,0.12727272727272726
preamble_cnn,7C4C65,33,1,0.0
preamble_cnn,7C4CD2,146,4,0.6506849315068494
preamble_cnn,7C4DB7,1518,4,0.002635046113306983
preamble_cnn,7C4E44,1618,7,0.01792336217552534
preamble_cnn,7C4F44,69,2,0.0
preamble_cnn,7C52F9,33,1,0.15151515151515152
preamble_cnn,7C5305,114,4,0.07894736842105263
preamble_cnn,7C582C,1024,9,0.001953125
preamble_cnn,7C5916,25,1,0.04
preamble_cnn,7C5950,66,1,0.0
preamble_cnn,7C5B70,24,1,0.041666666666666664
preamble_cnn,7C611F,16,1,0.1875
preamble_cnn,7C6286,13,1,0.0
preamble_cnn,7C664D,31,2,0.0
preamble_cnn,7C6693,1034,8,0.09090909090909091
preamble_cnn,7C6781,26,1,0.6923076923076923
preamble_cnn,7C67AE,113,1,0.0
preamble_cnn,7C67B7,190,4,0.28421052631578947
preamble_cnn,7C67D0,3000,8,0.0003333333333333333
preamble_cnn,7C67D3,2218,10,0.0009017132551848512
preamble_cnn,7C67D7,367,2,0.0
preamble_cnn,7C68A5,37,1,0.05405405405405406
preamble_cnn,7C68D4,62,3,0.4838709677419355
preamble_cnn,7C6A5E,55,1,0.14545454545454545
preamble_cnn,7C6A62,156,3,0.00641025641025641
preamble_cnn,7C6ACA,40,1,0.1
preamble_cnn,7C6B07,8,1,0.125
preamble_cnn,7C6B0B,7,1,0.2857142857142857
preamble_cnn,7C6B28,27,1,0.7777777777777778
preamble_cnn,7C6B3B,8,2,0.375
preamble_cnn,7C6C18,2874,7,0.0
preamble_cnn,7C6C52,21,1,0.3333333333333333
preamble_cnn,7C6D2A,15,1,0.0
preamble_cnn,7C6D30,17,1,0.0
preamble_cnn,7C6D31,17,1,0.058823529411764705
preamble_cnn,7C6D32,16,1,0.0
preamble_cnn,7C6D37,31,2,0.03225806451612903
preamble_cnn,7C6D4E,31,1,0.0967741935483871
preamble_cnn,7C6D8C,13,1,0.07692307692307693
preamble_cnn,7C6D8E,17,1,0.0
preamble_cnn,7C6D90,16,2,0.0625
preamble_cnn,7C6D93,18,1,0.0
preamble_cnn,7C6D96,38,1,0.05263157894736842
preamble_cnn,7C6D99,57,2,0.07017543859649122
preamble_cnn,7C6D9B,27,1,0.37037037037037035
preamble_cnn,7C6DB2,49,2,0.04081632653061224
preamble_cnn,7C6DB6,117,4,0.27350427350427353
preamble_cnn,7C6DB9,81,3,0.012345679012345678
preamble_cnn,7C6DDB,9,1,0.0
preamble_cnn,7C6DDD,15,1,0.0
preamble_cnn,7C6DE3,35,1,0.0
preamble_cnn,7C6F86,110,1,0.0
preamble_cnn,7C711B,31,1,0.0
preamble_cnn,7C7144,2598,8,0.01193225558121632
preamble_cnn,7C75E4,26,1,0.0
preamble_cnn,7C761D,37,1,0.0
preamble_cnn,7C7701,58,2,0.3103448275862069
preamble_cnn,7C776F,12,2,0.0
preamble_cnn,7C7770,63,3,0.2222222222222222
preamble_cnn,7C7778,20,2,0.0
preamble_cnn,7C77DE,122,5,0.01639344262295082
preamble_cnn,7C788F,29,3,0.2413793103448276
preamble_cnn,7C79B4,1618,7,0.001854140914709518
preamble_cnn,7C7A3D,7,1,0.0
preamble_cnn,7C7A3F,14,1,0.07142857142857142
preamble_cnn,7C7A46,8,1,0.0
preamble_cnn,7C7A48,36,2,0.0
preamble_cnn,7C7AA9,27,1,0.0
preamble_cnn,7C7AEF,597,4,0.07035175879396985
preamble_cnn,7C7AF0,1222,9,0.0662847790507365
preamble_cnn,7C7AF7,1063,10,0.020696142991533398
preamble_cnn,7C7AF8,463,8,0.12742980561555076
preamble_cnn,7C7B55,1232,6,0.0
preamble_cnn,7C7B56,634,9,0.017350157728706624
preamble_cnn,7C7B5E,1235,7,0.017813765182186234
preamble_cnn,7C7B5F,1783,8,0.020190689848569827
preamble_cnn,7C7B60,2167,8,0.04568527918781726
preamble_cnn,7C7B61,1399,8,0.0028591851322373124
preamble_cnn,7C7B64,1159,6,0.006902502157031924
preamble_cnn,7C7B65,2069,8,0.0014499758337361043
preamble_cnn,7C7BC6,14,1,0.0
preamble_cnn,7C7BC7,13,1,0.0
preamble_cnn,7C7BCE,10,1,0.0
preamble_cnn,7C7BD9,2785,7,0.0010771992818671453
preamble_cnn,7C7C0A,152,1,0.29605263157894735
preamble_cnn,7C7C2E,1296,9,0.0
preamble_cnn,7C7C31,498,9,0.002008032128514056
preamble_cnn,7C7C39,1293,9,0.04640371229698376
preamble_cnn,7C7C3E,1627,10,0.014136447449293177
preamble_cnn,7C7C41,1438,7,0.005563282336578581
preamble_cnn,7C7CF7,823,5,0.004860267314702308
preamble_cnn,7C7FE6,125,4,0.032
preamble_cnn,7C8022,33,2,0.0
preamble_cnn,7C8032,114,3,0.0
preamble_cnn,7C80F6,21,1,0.047619047619047616
preamble_cnn,7C80F8,28,1,0.0
preamble_cnn,7C810D,10,1,0.0
preamble_cnn,7C8131,36,1,0.0
preamble_cnn,7CAE4D,38,1,0.02631578947368421
preamble_cnn,7CB05D,100,4,0.0
preamble_cnn,7CB067,49,1,0.0
preamble_cnn,7CB0AB,536,4,0.011194029850746268
preamble_cnn,7CF8ED,8,1,0.0
preamble_cnn,7CF9CE,7,1,0.0
preamble_cnn,7CFA97,15,5,0.0
preamble_cnn,89667B,13,1,0.0
preamble_cnn,89667D,26,1,0.0
preamble_cnn,89667E,7,1,0.0
preamble_cnn,89667F,29,1,0.0
preamble_cnn,8966FB,38,1,0.05263157894736842
preamble_tcn,06A062,24,1,0.0
preamble_tcn,06A19F,17,1,0.0
preamble_tcn,06A1BC,17,1,0.0
preamble_tcn,06A2B3,54,2,0.037037037037037035
preamble_tcn,06A2B8,36,1,0.0
preamble_tcn,06A2C4,43,2,0.0
preamble_tcn,750579,74,3,0.0
preamble_tcn,750596,37,1,0.0
preamble_tcn,750599,33,1,0.48484848484848486
preamble_tcn,7505BC,50,1,0.0
preamble_tcn,76CC63,24,1,0.08333333333333333
preamble_tcn,76CC65,9,1,0.0
preamble_tcn,76CC6A,32,1,0.03125
preamble_tcn,76CC6F,26,1,0.0
preamble_tcn,76CC70,26,1,0.038461538461538464
preamble_tcn,76CC72,27,1,0.0
preamble_tcn,76CC75,13,1,0.0
preamble_tcn,76CC79,11,1,0.0
preamble_tcn,76CC81,9,1,0.0
preamble_tcn,76CC82,23,1,0.043478260869565216
preamble_tcn,78198D,27,1,0.14814814814814814
preamble_tcn,782282,13,1,0.0
preamble_tcn,7C0041,426,5,0.02112676056338028
preamble_tcn,7C0074,3856,7,0.001037344398340249
preamble_tcn,7C0077,2084,10,0.0
preamble_tcn,7C0106,424,3,0.01179245283018868
preamble_tcn,7C0246,142,2,0.0
preamble_tcn,7C03F1,110,5,0.1
preamble_tcn,7C0402,18,4,0.0
preamble_tcn,7C040D,71,3,0.0
preamble_tcn,7C0433,44,1,0.045454545454545456
preamble_tcn,7C0A5D,51,1,0.19607843137254902
preamble_tcn,7C0AE7,32,1,0.09375
preamble_tcn,7C0B96,190,1,0.21052631578947367
preamble_tcn,7C0D65,2499,8,0.011204481792717087
preamble_tcn,7C0FB0,31,1,0.0
preamble_tcn,7C1452,26,1,0.0
preamble_tcn,7C14F5,30,1,0.03333333333333333
preamble_tcn,7C1687,1722,8,0.03077816492450639
preamble_tcn,7C1689,820,5,0.03048780487804878
preamble_tcn,7C168A,1107,5,0.004516711833785004
preamble_tcn,7C168B,1866,10,0.0
preamble_tcn,7C168D,718,7,0.0
preamble_tcn,7C1697,1490,7,0.0
preamble_tcn,7C17B2,129,2,0.0
preamble_tcn,7C1B0F,11,1,0.0
preamble_tcn,7C1B2A,559,9,0.012522361359570662
preamble_tcn,7C1B2B,10,1,0.0
preamble_tcn,7C1BDD,12,2,0.0
preamble_tcn,7C1C48,16,1,0.0
preamble_tcn,7C1C95,40,1,0.0
preamble_tcn,7C1C99,44,2,0.0
preamble_tcn,7C1CA5,62,5,0.016129032258064516
preamble_tcn,7C2496,31,1,0.6451612903225806
preamble_tcn,7C259E,107,3,0.018691588785046728
preamble_tcn,7C25DA,41,2,0.0
preamble_tcn,7C2699,248,4,0.12096774193548387
preamble_tcn,7C2709,31,1,0.03225806451612903
preamble_tcn,7C2901,96,1,0.010416666666666666
preamble_tcn,7C2913,61,1,0.04918032786885246
preamble_tcn,7C293D,505,4,0.13267326732673268
preamble_tcn,7C29D4,27,1,0.1111111111111111
preamble_tcn,7C2BC5,10,1,0.1
preamble_tcn,7C2BEE,64,5,0.015625
preamble_tcn,7C2BEF,36,3,0.0
preamble_tcn,7C2BF9,52,3,0.0
preamble_tcn,7C2D99,72,2,0.0
preamble_tcn,7C2E75,2857,8,0.0
preamble_tcn,7C2E7F,33,1,0.15151515151515152
preamble_tcn,7C2EA4,35,1,0.02857142857142857
preamble_tcn,7C2FFF,58,2,0.017241379310344827
preamble_tcn,7C33F2,228,1,0.0
preamble_tcn,7C351B,14,1,0.0
preamble_tcn,7C3631,1510,5,0.011920529801324504
preamble_tcn,7C38F8,44,2,0.0
preamble_tcn,7C3A00,75,3,0.04
preamble_tcn,7C3AA6,49,1,0.0
preamble_tcn,7C3CD4,57,1,0.0
preamble_tcn,7C3CE8,554,4,0.0
preamble_tcn,7C3FCB,106,4,0.009433962264150943
preamble_tcn,7C41FD,3049,8,0.0
preamble_tcn,7C4209,34,1,0.0
preamble_tcn,7C42AE,241,2,0.004149377593360996
preamble_tcn,7C444D,2668,10,0.07383808095952024
preamble_tcn,7C44DA,24,1,0.0
preamble_tcn,7C4709,82,2,0.0
preamble_tcn,7C475B,20,1,0.0
preamble_tcn,7C4760,508,4,0.08464566929133858
preamble_tcn,7C479F,67,2,0.014925373134328358
preamble_tcn,7C47A4,62,2,0.0
preamble_tcn,7C4817,26,2,0.038461538461538464
preamble_tcn,7C487C,116,3,0.1206896551724138
preamble_tcn,7C4880,16,1,0.0
preamble_tcn,7C49BD,21,1,0.047619047619047616
preamble_tcn,7C49DA,22,2,0.0
preamble_tcn,7C4A05,295,5,0.006779661016949152
preamble_tcn,7C4A41,75,3,0.0
preamble_tcn,7C4A45,7,1,0.0
preamble_tcn,7C4A46,49,2,0.02040816326530612
preamble_tcn,7C4A4F,140,4,0.09285714285714286
preamble_tcn,7C4A51,25,1,0.2
preamble_tcn,7C4A53,23,1,0.0
preamble_tcn,7C4A56,220,7,0.07727272727272727
preamble_tcn,7C4C65,33,1,0.0
preamble_tcn,7C4CD2,146,4,0.0821917808219178
preamble_tcn,7C4DB7,1518,4,0.0
preamble_tcn,7C4E44,1618,7,0.001854140914709518
preamble_tcn,7C4F44,69,2,0.014492753623188406
preamble_tcn,7C52F9,33,1,0.0
preamble_tcn,7C5305,114,4,0.0
preamble_tcn,7C582C,1024,9,0.0009765625
preamble_tcn,7C5916,25,1,0.12
preamble_tcn,7C5950,66,1,0.0
preamble_tcn,7C5B70,24,1,0.08333333333333333
preamble_tcn,7C611F,16,1,0.0
preamble_tcn,7C6286,13,1,0.0
preamble_tcn,7C664D,31,2,0.0
preamble_tcn,7C6693,1034,8,0.0019342359767891683
preamble_tcn,7C6781,26,1,0.8076923076923077
preamble_tcn,7C67AE,113,1,0.0
preamble_tcn,7C67B7,190,4,0.32105263157894737
preamble_tcn,7C67D0,3000,8,0.0
preamble_tcn,7C67D3,2218,10,0.006762849413886384
preamble_tcn,7C67D7,367,2,0.0
preamble_tcn,7C68A5,37,1,0.02702702702702703
preamble_tcn,7C68D4,62,3,0.0967741935483871
preamble_tcn,7C6A5E,55,1,0.09090909090909091
preamble_tcn,7C6A62,156,3,0.00641025641025641
preamble_tcn,7C6ACA,40,1,0.05
preamble_tcn,7C6B07,8,1,0.0
preamble_tcn,7C6B0B,7,1,0.0
preamble_tcn,7C6B28,27,1,0.25925925925925924
preamble_tcn,7C6B3B,8,2,0.0
preamble_tcn,7C6C18,2874,7,0.0
preamble_tcn,7C6C52,21,1,0.09523809523809523
preamble_tcn,7C6D2A,15,1,0.0
preamble_tcn,7C6D30,17,1,0.0
preamble_tcn,7C6D31,17,1,0.0
preamble_tcn,7C6D32,16,1,0.0625
preamble_tcn,7C6D37,31,2,0.0
preamble_tcn,7C6D4E,31,1,0.16129032258064516
preamble_tcn,7C6D8C,13,1,0.0
preamble_tcn,7C6D8E,17,1,0.0
preamble_tcn,7C6D90,16,2,0.0
preamble_tcn,7C6D93,18,1,0.0
preamble_tcn,7C6D96,38,1,0.0
preamble_tcn,7C6D99,57,2,0.0
preamble_tcn,7C6D9B,27,1,0.0
preamble_tcn,7C6DB2,49,2,0.0
preamble_tcn,7C6DB6,117,4,0.0
preamble_tcn,7C6DB9,81,3,0.012345679012345678
preamble_tcn,7C6DDB,9,1,0.0
preamble_tcn,7C6DDD,15,1,0.0
preamble_tcn,7C6DE3,35,1,0.0
preamble_tcn,7C6F86,110,1,0.0
preamble_tcn,7C711B,31,1,0.0
preamble_tcn,7C7144,2598,8,0.00038491147036181676
preamble_tcn,7C75E4,26,1,0.0
preamble_tcn,7C761D,37,1,0.02702702702702703
preamble_tcn,7C7701,58,2,0.13793103448275862
preamble_tcn,7C776F,12,2,0.0
preamble_tcn,7C7770,63,3,0.14285714285714285
preamble_tcn,7C7778,20,2,0.0
preamble_tcn,7C77DE,122,5,0.08196721311475409
preamble_tcn,7C788F,29,3,0.034482758620689655
preamble_tcn,7C79B4,1618,7,0.0012360939431396785
preamble_tcn,7C7A3D,7,1,0.0
preamble_tcn,7C7A3F,14,1,0.0
preamble_tcn,7C7A46,8,1,0.0
preamble_tcn,7C7A48,36,2,0.0
preamble_tcn,7C7AA9,27,1,0.0
preamble_tcn,7C7AEF,597,4,0.0
preamble_tcn,7C7AF0,1222,9,0.0032733224222585926
preamble_tcn,7C7AF7,1063,10,0.0037629350893697085
preamble_tcn,7C7AF8,463,8,0.04967602591792657
preamble_tcn,7C7B55,1232,6,0.016233766233766232
preamble_tcn,7C7B56,634,9,0.0
preamble_tcn,7C7B5E,1235,7,0.0008097165991902834
preamble_tcn,7C7B5F,1783,8,0.0358945597307908
preamble_tcn,7C7B60,2167,8,0.007383479464697739
preamble_tcn,7C7B61,1399,8,0.005718370264474625
preamble_tcn,7C7B64,1159,6,0.001725625539257981
preamble_tcn,7C7B65,2069,8,0.0
preamble_tcn,7C7BC6,14,1,0.0
preamble_tcn,7C7BC7,13,1,0.0
preamble_tcn,7C7BCE,10,1,0.0
preamble_tcn,7C7BD9,2785,7,0.0
preamble_tcn,7C7C0A,152,1,0.27631578947368424
preamble_tcn,7C7C2E,1296,9,0.0
preamble_tcn,7C7C31,498,9,0.0
preamble_tcn,7C7C39,1293,9,0.0
preamble_tcn,7C7C3E,1627,10,0.0
preamble_tcn,7C7C41,1438,7,0.0
preamble_tcn,7C7CF7,823,5,0.0
preamble_tcn,7C7FE6,125,4,0.016
preamble_tcn,7C8022,33,2,0.030303030303030304
preamble_tcn,7C8032,114,3,0.0
preamble_tcn,7C80F6,21,1,0.0
preamble_tcn,7C80F8,28,1,0.0
preamble_tcn,7C810D,10,1,0.0
preamble_tcn,7C8131,36,1,0.0
preamble_tcn,7CAE4D,38,1,0.0
preamble_tcn,7CB05D,100,4,0.01
preamble_tcn,7CB067,49,1,0.0
preamble_tcn,7CB0AB,536,4,0.0037313432835820895
preamble_tcn,7CF8ED,8,1,0.0
preamble_tcn,7CF9CE,7,1,0.0
preamble_tcn,7CFA97,15,5,0.0
preamble_tcn,89667B,13,1,0.0
preamble_tcn,89667D,26,1,0.0
preamble_tcn,89667E,7,1,0.0
preamble_tcn,89667F,29,1,0.0
preamble_tcn,8966FB,38,1,0.07894736842105263
preamble_gru_rnn,06A062,24,1,0.0
preamble_gru_rnn,06A19F,17,1,0.0
preamble_gru_rnn,06A1BC,17,1,0.058823529411764705
preamble_gru_rnn,06A2B3,54,2,0.018518518518518517
preamble_gru_rnn,06A2B8,36,1,0.08333333333333333
preamble_gru_rnn,06A2C4,43,2,0.06976744186046512
preamble_gru_rnn,750579,74,3,0.06756756756756757
preamble_gru_rnn,750596,37,1,0.02702702702702703
preamble_gru_rnn,750599,33,1,0.09090909090909091
preamble_gru_rnn,7505BC,50,1,0.0
preamble_gru_rnn,76CC63,24,1,0.041666666666666664
preamble_gru_rnn,76CC65,9,1,0.0
preamble_gru_rnn,76CC6A,32,1,0.03125
preamble_gru_rnn,76CC6F,26,1,0.0
preamble_gru_rnn,76CC70,26,1,0.038461538461538464
preamble_gru_rnn,76CC72,27,1,0.14814814814814814
preamble_gru_rnn,76CC75,13,1,0.07692307692307693
preamble_gru_rnn,76CC79,11,1,0.0
preamble_gru_rnn,76CC81,9,1,0.0
preamble_gru_rnn,76CC82,23,1,0.043478260869565216
preamble_gru_rnn,78198D,27,1,0.0
preamble_gru_rnn,782282,13,1,0.0
preamble_gru_rnn,7C0041,426,5,0.007042253521126761
preamble_gru_rnn,7C0074,3856,7,0.0
preamble_gru_rnn,7C0077,2084,10,0.0004798464491362764
preamble_gru_rnn,7C0106,424,3,0.03773584905660377
preamble_gru_rnn,7C0246,142,2,0.09154929577464789
preamble_gru_rnn,7C03F1,110,5,0.2
preamble_gru_rnn,7C0402,18,4,0.16666666666666666
preamble_gru_rnn,7C040D,71,3,0.04225352112676056
preamble_gru_rnn,7C0433,44,1,0.09090909090909091
preamble_gru_rnn,7C0A5D,51,1,0.0784313725490196
preamble_gru_rnn,7C0AE7,32,1,0.03125
preamble_gru_rnn,7C0B96,190,1,0.05263157894736842
preamble_gru_rnn,7C0D65,2499,8,0.00040016006402561027
preamble_gru_rnn,7C0FB0,31,1,0.3548387096774194
preamble_gru_rnn,7C1452,26,1,0.0
preamble_gru_rnn,7C14F5,30,1,0.13333333333333333
preamble_gru_rnn,7C1687,1722,8,0.004645760743321719
preamble_gru_rnn,7C1689,820,5,0.0012195121951219512
preamble_gru_rnn,7C168A,1107,5,0.06594399277326106
preamble_gru_rnn,7C168B,1866,10,0.016613076098606645
preamble_gru_rnn,7C168D,718,7,0.008356545961002786
preamble_gru_rnn,7C1697,1490,7,0.16241610738255033
preamble_gru_rnn,7C17B2,129,2,0.03875968992248062
preamble_gru_rnn,7C1B0F,11,1,0.09090909090909091
preamble_gru_rnn,7C1B2A,559,9,0.0
preamble_gru_rnn,7C1B2B,10,1,0.0
preamble_gru_rnn,7C1BDD,12,2,0.0
preamble_gru_rnn,7C1C48,16,1,0.0
preamble_gru_rnn,7C1C95,40,1,0.1
preamble_gru_rnn,7C1C99,44,2,0.0
preamble_gru_rnn,7C1CA5,62,5,0.016129032258064516
preamble_gru_rnn,7C2496,31,1,0.3548387096774194
preamble_gru_rnn,7C259E,107,3,0.009345794392523364
preamble_gru_rnn,7C25DA,41,2,0.024390243902439025
preamble_gru_rnn,7C2699,248,4,0.024193548387096774
preamble_gru_rnn,7C2709,31,1,0.03225806451612903
preamble_gru_rnn,7C2901,96,1,0.0
preamble_gru_rnn,7C2913,61,1,0.03278688524590164
preamble_gru_rnn,7C293D,505,4,0.033663366336633666
preamble_gru_rnn,7C29D4,27,1,0.037037037037037035
preamble_gru_rnn,7C2BC5,10,1,0.0
preamble_gru_rnn,7C2BEE,64,5,0.0
preamble_gru_rnn,7C2BEF,36,3,0.0
preamble_gru_rnn,7C2BF9,52,3,0.0
preamble_gru_rnn,7C2D99,72,2,0.0
preamble_gru_rnn,7C2E75,2857,8,0.0010500525026251313
preamble_gru_rnn,7C2E7F,33,1,0.36363636363636365
preamble_gru_rnn,7C2EA4,35,1,0.05714285714285714
preamble_gru_rnn,7C2FFF,58,2,0.017241379310344827
preamble_gru_rnn,7C33F2,228,1,0.013157894736842105
preamble_gru_rnn,7C351B,14,1,0.0
preamble_gru_rnn,7C3631,1510,5,0.24635761589403973
preamble_gru_rnn,7C38F8,44,2,0.0
preamble_gru_rnn,7C3A00,75,3,0.02666666666666667
preamble_gru_rnn,7C3AA6,49,1,0.04081632653061224
preamble_gru_rnn,7C3CD4,57,1,0.12280701754385964
preamble_gru_rnn,7C3CE8,554,4,0.007220216606498195
preamble_gru_rnn,7C3FCB,106,4,0.04716981132075472
preamble_gru_rnn,7C41FD,3049,8,0.0
preamble_gru_rnn,7C4209,34,1,0.2647058823529412
preamble_gru_rnn,7C42AE,241,2,0.016597510373443983
preamble_gru_rnn,7C444D,2668,10,0.48125937031484256
preamble_gru_rnn,7C44DA,24,1,0.0
preamble_gru_rnn,7C4709,82,2,0.012195121951219513
preamble_gru_rnn,7C475B,20,1,0.0
preamble_gru_rnn,7C4760,508,4,0.08661417322834646
preamble_gru_rnn,7C479F,67,2,0.3283582089552239
preamble_gru_rnn,7C47A4,62,2,0.24193548387096775
preamble_gru_rnn,7C4817,26,2,0.0
preamble_gru_rnn,7C487C,116,3,0.0603448275862069
preamble_gru_rnn,7C4880,16,1,0.1875
preamble_gru_rnn,7C49BD,21,1,0.0
preamble_gru_rnn,7C49DA,22,2,0.0
preamble_gru_rnn,7C4A05,295,5,0.10508474576271186
preamble_gru_rnn,7C4A41,75,3,0.02666666666666667
preamble_gru_rnn,7C4A45,7,1,0.0
preamble_gru_rnn,7C4A46,49,2,0.02040816326530612
preamble_gru_rnn,7C4A4F,140,4,0.22142857142857142
preamble_gru_rnn,7C4A51,25,1,0.04
preamble_gru_rnn,7C4A53,23,1,0.21739130434782608
preamble_gru_rnn,7C4A56,220,7,0.21363636363636362
preamble_gru_rnn,7C4C65,33,1,0.030303030303030304
preamble_gru_rnn,7C4CD2,146,4,0.541095890410959
preamble_gru_rnn,7C4DB7,1518,4,0.011857707509881422
preamble_gru_rnn,7C4E44,1618,7,0.011124845488257108
preamble_gru_rnn,7C4F44,69,2,0.014492753623188406
preamble_gru_rnn,7C52F9,33,1,0.0
preamble_gru_rnn,7C5305,114,4,0.008771929824561403
preamble_gru_rnn,7C582C,1024,9,0.0224609375
preamble_gru_rnn,7C5916,25,1,0.04
preamble_gru_rnn,7C5950,66,1,0.015151515151515152
preamble_gru_rnn,7C5B70,24,1,0.0
preamble_gru_rnn,7C611F,16,1,0.0625
preamble_gru_rnn,7C6286,13,1,0.0
preamble_gru_rnn,7C664D,31,2,0.0
preamble_gru_rnn,7C6693,1034,8,0.04061895551257253
preamble_gru_rnn,7C6781,26,1,0.46153846153846156
preamble_gru_rnn,7C67AE,113,1,0.017699115044247787
preamble_gru_rnn,7C67B7,190,4,0.1736842105263158
preamble_gru_rnn,7C67D0,3000,8,0.0003333333333333333
preamble_gru_rnn,7C67D3,2218,10,0.0009017132551848512
preamble_gru_rnn,7C67D7,367,2,0.008174386920980926
preamble_gru_rnn,7C68A5,37,1,0.02702702702702703
preamble_gru_rnn,7C68D4,62,3,0.3870967741935484
preamble_gru_rnn,7C6A5E,55,1,0.09090909090909091
preamble_gru_rnn,7C6A62,156,3,0.057692307692307696
preamble_gru_rnn,7C6ACA,40,1,0.1
preamble_gru_rnn,7C6B07,8,1,0.125
preamble_gru_rnn,7C6B0B,7,1,0.0
preamble_gru_rnn,7C6B28,27,1,0.1111111111111111
preamble_gru_rnn,7C6B3B,8,2,0.125
preamble_gru_rnn,7C6C18,2874,7,0.0006958942240779402
preamble_gru_rnn,7C6C52,21,1,0.42857142857142855
preamble_gru_rnn,7C6D2A,15,1,0.0
preamble_gru_rnn,7C6D30,17,1,0.11764705882352941
preamble_gru_rnn,7C6D31,17,1,0.11764705882352941
preamble_gru_rnn,7C6D32,16,1,0.0625
preamble_gru_rnn,7C6D37,31,2,0.06451612903225806
preamble_gru_rnn,7C6D4E,31,1,0.03225806451612903
preamble_gru_rnn,7C6D8C,13,1,0.07692307692307693
preamble_gru_rnn,7C6D8E,17,1,0.0
preamble_gru_rnn,7C6D90,16,2,0.0625
preamble_gru_rnn,7C6D93,18,1,0.0
preamble_gru_rnn,7C6D96,38,1,0.07894736842105263
preamble_gru_rnn,7C6D99,57,2,0.05263157894736842
preamble_gru_rnn,7C6D9B,27,1,0.07407407407407407
preamble_gru_rnn,7C6DB2,49,2,0.04081632653061224
preamble_gru_rnn,7C6DB6,117,4,0.10256410256410256
preamble_gru_rnn,7C6DB9,81,3,0.0
preamble_gru_rnn,7C6DDB,9,1,0.0
preamble_gru_rnn,7C6DDD,15,1,0.06666666666666667
preamble_gru_rnn,7C6DE3,35,1,0.17142857142857143
preamble_gru_rnn,7C6F86,110,1,0.0
preamble_gru_rnn,7C711B,31,1,0.0
preamble_gru_rnn,7C7144,2598,8,0.0023094688221709007
preamble_gru_rnn,7C75E4,26,1,0.15384615384615385
preamble_gru_rnn,7C761D,37,1,0.10810810810810811
preamble_gru_rnn,7C7701,58,2,0.10344827586206896
preamble_gru_rnn,7C776F,12,2,0.08333333333333333
preamble_gru_rnn,7C7770,63,3,0.15873015873015872
preamble_gru_rnn,7C7778,20,2,0.15
preamble_gru_rnn,7C77DE,122,5,0.02459016393442623
preamble_gru_rnn,7C788F,29,3,0.10344827586206896
preamble_gru_rnn,7C79B4,1618,7,0.12546353522867737
preamble_gru_rnn,7C7A3D,7,1,0.0
preamble_gru_rnn,7C7A3F,14,1,0.07142857142857142
preamble_gru_rnn,7C7A46,8,1,0.0
preamble_gru_rnn,7C7A48,36,2,0.0
preamble_gru_rnn,7C7AA9,27,1,0.0
preamble_gru_rnn,7C7AEF,597,4,0.09212730318257957
preamble_gru_rnn,7C7AF0,1222,9,0.0425531914893617
preamble_gru_rnn,7C7AF7,1063,10,0.012229539040451553
preamble_gru_rnn,7C7AF8,463,8,0.1468682505399568
preamble_gru_rnn,7C7B55,1232,6,0.005681818181818182
preamble_gru_rnn,7C7B56,634,9,0.031545741324921134
preamble_gru_rnn,7C7B5E,1235,7,0.03805668016194332
preamble_gru_rnn,7C7B5F,1783,8,0.08188446438586652
preamble_gru_rnn,7C7B60,2167,8,0.0267651130595293
preamble_gru_rnn,7C7B61,1399,8,0.03359542530378842
preamble_gru_rnn,7C7B64,1159,6,0.0457290767903365
preamble_gru_rnn,7C7B65,2069,8,0.011116481391976801
preamble_gru_rnn,7C7BC6,14,1,0.07142857142857142
preamble_gru_rnn,7C7BC7,13,1,0.0
preamble_gru_rnn,7C7BCE,10,1,0.0
preamble_gru_rnn,7C7BD9,2785,7,0.0
preamble_gru_rnn,7C7C0A,152,1,0.3684210526315789
preamble_gru_rnn,7C7C2E,1296,9,0.024691358024691357
preamble_gru_rnn,7C7C31,498,9,0.0
preamble_gru_rnn,7C7C39,1293,9,0.042536736272235115
preamble_gru_rnn,7C7C3E,1627,10,0.03318992009834051
preamble_gru_rnn,7C7C41,1438,7,0.006258692628650904
preamble_gru_rnn,7C7CF7,823,5,0.0
preamble_gru_rnn,7C7FE6,125,4,0.168
preamble_gru_rnn,7C8022,33,2,0.030303030303030304
preamble_gru_rnn,7C8032,114,3,0.02631578947368421
preamble_gru_rnn,7C80F6,21,1,0.047619047619047616
preamble_gru_rnn,7C80F8,28,1,0.0
preamble_gru_rnn,7C810D,10,1,0.1
preamble_gru_rnn,7C8131,36,1,0.027777777777777776
preamble_gru_rnn,7CAE4D,38,1,0.02631578947368421
preamble_gru_rnn,7CB05D,100,4,0.0
preamble_gru_rnn,7CB067,49,1,0.0
preamble_gru_rnn,7CB0AB,536,4,0.03731343283582089
preamble_gru_rnn,7CF8ED,8,1,0.25
preamble_gru_rnn,7CF9CE,7,1,0.0
preamble_gru_rnn,7CFA97,15,5,0.0
preamble_gru_rnn,89667B,13,1,0.07692307692307693
preamble_gru_rnn,89667D,26,1,0.0
preamble_gru_rnn,89667E,7,1,0.0
preamble_gru_rnn,89667F,29,1,0.0
preamble_gru_rnn,8966FB,38,1,0.10526315789473684
